,PunctuationCount,AverageSentenceLength,NumberOfSentences,AverageCharactersPerWord,UniqueWordRatio,YuleK,Maas,AverageCoRoLaWordFrequency,RareWordRatio,Model
0,58,27.23076923076923,13,5.790960451977401,0.7005649717514124,71.81844297615628,0.01033039627564701,3960148.0857142857,0.5169491525423728,grok-3-mini-fast
1,54,27.615384615384617,13,5.944289693593315,0.6935933147632312,60.52094567857171,0.010570143985176762,3756096.232919255,0.5041782729805014,grok-3-mini-fast
2,45,28.75,12,6.066666666666666,0.7333333333333333,68.22096198277673,0.00908293042369454,4231203.476489028,0.5362318840579711,grok-3-mini-fast
3,53,24.714285714285715,14,5.826086956521739,0.6956521739130435,76.95862213820627,0.01062773810360971,4334233.076158941,0.5159420289855072,grok-3-mini-fast
4,54,29.666666666666668,12,5.963483146067416,0.699438202247191,78.9041787653074,0.010357229927501316,4254088.741538461,0.5421348314606742,grok-3-mini-fast
5,46,24.071428571428573,14,6.017910447761194,0.7223880597014926,57.74114502116284,0.00961991807260443,3748970.1993464055,0.5343283582089552,grok-3-mini-fast
6,55,24.76923076923077,13,5.947204968944099,0.7204968944099379,52.6600054010262,0.009830853013057701,2977252.7,0.5527950310559007,grok-3-mini-fast
7,53,22.8125,16,6.013736263736264,0.7115384615384616,69.88890230648472,0.009786107061941107,4248420.519637463,0.5659340659340659,grok-3-mini-fast
8,55,32.72727272727273,11,6.05,0.7027777777777777,65.4320987654321,0.010180462281638769,3960304.815151515,0.5333333333333333,grok-3-mini-fast
9,55,27.5,14,5.815104166666667,0.7005208333333334,76.49739583333333,0.010051671773916384,4438926.2011494255,0.5625,grok-3-mini-fast
10,67,23.533333333333335,15,6.0594900849858355,0.7138810198300283,68.37387347623365,0.009793246761764173,4033696.903125,0.5382436260623229,grok-3-mini-fast
11,67,22.333333333333332,18,5.7675,0.6625,76.0,0.011469685361635899,4163431.1193181816,0.515,grok-3-mini-fast
12,55,24.375,16,5.98974358974359,0.6794871794871795,72.58382642998028,0.010855960772269604,4274937.960451977,0.5512820512820513,grok-3-mini-fast
13,44,26.846153846153847,13,5.873925501432665,0.6762177650429799,64.53148988924558,0.011412450632653389,4065419.3126934986,0.501432664756447,grok-3-mini-fast
14,55,27.384615384615383,13,5.772471910112359,0.6741573033707865,58.07347557126626,0.011423843707430678,3529072.0636363635,0.5449438202247191,grok-3-mini-fast
15,56,28.076923076923077,13,5.804945054945055,0.717032967032967,68.83226663446443,0.009564912793059974,4268081.869436202,0.5521978021978022,grok-3-mini-fast
16,41,28.3,10,5.787985865724382,0.7243816254416962,58.934435440572365,0.010116915173695739,3533647.3579766536,0.5053003533568905,grok-3-mini-fast
17,65,25.125,16,6.014925373134329,0.6741293532338308,73.26551322987055,0.010966667635373604,3700959.123943662,0.5497512437810945,grok-3-mini-fast
18,47,25.384615384615383,13,5.6909090909090905,0.6787878787878788,68.68686868686869,0.01152104204778212,3989359.5016835015,0.5181818181818182,grok-3-mini-fast
19,48,25.071428571428573,14,6.037463976945245,0.6887608069164265,89.52819141426305,0.010897722722464753,4615108.560897436,0.5273775216138329,grok-3-mini-fast
20,41,27.818181818181817,11,5.970588235294118,0.6993464052287581,83.30129437395874,0.010916219421959783,4670437.089285715,0.5,grok-3-mini-fast
21,54,25.285714285714285,14,5.96045197740113,0.672316384180791,77.24472533435475,0.011525162310556296,3870834.17571885,0.5338983050847458,grok-3-mini-fast
22,56,27.09090909090909,11,6.077181208053691,0.7449664429530202,57.20463042205306,0.009070993801606185,3573558.4869888476,0.5335570469798657,grok-3-mini-fast
23,50,26.454545454545453,11,6.027491408934708,0.7285223367697594,53.61297103246301,0.009840648688156373,3306950.245283019,0.5326460481099656,grok-3-mini-fast
24,58,24.857142857142858,14,5.867816091954023,0.6724137931034483,55.48949663099485,0.011588361094914226,3592424.165625,0.5258620689655172,grok-3-mini-fast
25,50,27.181818181818183,11,6.066889632107023,0.7290969899665551,47.20305142000649,0.009722971442980979,3005653.6811594204,0.5652173913043478,grok-3-mini-fast
26,56,27.923076923076923,13,5.900826446280992,0.6804407713498623,57.069568714948126,0.011081472092418764,3602667.8123167157,0.5454545454545454,grok-3-mini-fast
27,53,23.714285714285715,14,6.114457831325301,0.7168674698795181,65.14007838583248,0.009877398372435557,3637940.878787879,0.5451807228915663,grok-3-mini-fast
28,46,24.818181818181817,11,6.285714285714286,0.73992673992674,45.08312200619893,0.009572314050555772,2896756.296442688,0.5934065934065934,grok-3-mini-fast
29,43,28.25,12,5.810650887573964,0.7100591715976331,73.87696509225867,0.010098158267386054,4368754.636655948,0.5118343195266272,grok-3-mini-fast
30,42,26.333333333333332,12,5.879746835443038,0.7278481012658228,62.489985579234094,0.009588790573367718,3855701.0243055555,0.5253164556962026,grok-3-mini-fast
31,47,26.818181818181817,11,5.952542372881356,0.711864406779661,68.48606722206263,0.010508660470297209,4211763.454887218,0.5084745762711864,grok-3-mini-fast
32,54,25.071428571428573,14,5.859598853868195,0.7048710601719198,71.42798499191304,0.010201905983859966,4292743.10725552,0.5300859598853869,grok-3-mini-fast
33,56,25.125,16,5.705,0.675,64.125,0.010948979010218329,3471681.0919220056,0.4925,grok-3-mini-fast
34,55,25.53846153846154,13,5.804216867469879,0.6927710843373494,52.07577297140369,0.01089199121204131,3435177.8590163933,0.5240963855421686,grok-3-mini-fast
35,46,23.142857142857142,14,6.12037037037037,0.7098765432098766,67.44398719707361,0.010254189545291094,4063018.8805460753,0.5308641975308642,grok-3-mini-fast
36,56,22.571428571428573,14,6.174050632911392,0.7246835443037974,58.48421727287294,0.00972031769861187,3659426.4892857145,0.5348101265822784,grok-3-mini-fast
37,38,28.545454545454547,11,5.732484076433121,0.7070063694267515,83.16767414499574,0.01048888679153725,4280888.822299652,0.5095541401273885,grok-3-mini-fast
38,54,25.692307692307693,13,5.882882882882883,0.7027027027027027,63.84763141519898,0.010458763994803237,3649095.6153846155,0.4924924924924925,grok-3-mini-fast
39,56,25.53846153846154,13,6.081325301204819,0.6987951807228916,70.76498766148933,0.010635072293223857,3886423.8952702703,0.536144578313253,grok-3-mini-fast
40,56,26.46153846153846,13,5.964809384164223,0.6979472140762464,70.86282367712695,0.010573442577060513,4311564.198083067,0.5395894428152492,grok-3-mini-fast
41,46,27.545454545454547,11,6.129139072847682,0.7119205298013245,68.19876321213982,0.010420105854803942,4165436.841911765,0.5298013245033113,grok-3-mini-fast
42,55,25.90909090909091,11,5.697183098591549,0.6795774647887324,105.13786947034319,0.012105077853980326,5158449.411290322,0.49295774647887325,grok-3-mini-fast
43,56,24.642857142857142,14,6.1395348837209305,0.6627906976744186,69.80124391563007,0.012056837082138845,4056016.115131579,0.49127906976744184,grok-3-mini-fast
44,50,30.4,10,5.752475247524752,0.6666666666666666,102.38647627138951,0.012419772269915629,5322131.916363636,0.5214521452145214,grok-3-mini-fast
45,53,24.76923076923077,13,6.006269592476489,0.7021943573667712,75.27441750768959,0.010636955606969393,4420861.649305556,0.5235109717868338,grok-3-mini-fast
46,64,29.46153846153846,13,5.741514360313316,0.6135770234986945,107.16549979889426,0.013806150967754968,5220728.865102639,0.5039164490861618,grok-3-mini-fast
47,53,26.75,12,5.665625,0.675,94.921875,0.011812471422225496,4988117.972125435,0.49375,grok-3-mini-fast
48,52,24.714285714285715,14,5.852173913043479,0.6782608695652174,106.36420919974795,0.011369173648933311,5422227.868589744,0.5043478260869565,grok-3-mini-fast
49,60,25.0,14,5.724137931034483,0.6379310344827587,98.75809221825868,0.013125481876359818,4946911.1329113925,0.5057471264367817,grok-3-mini-fast
50,62,28.076923076923077,13,5.771978021978022,0.6373626373626373,99.62564907619853,0.012951777312015916,5141787.406727829,0.5054945054945055,grok-3-mini-fast
51,43,23.3,10,5.8405172413793105,0.7112068965517241,83.23424494649227,0.011487258406653546,4910412.899521532,0.5086206896551724,grok-3-mini-fast
52,75,22.0,18,5.753180661577608,0.6463104325699746,101.91066306677286,0.012230859072620072,5308789.002849003,0.5038167938931297,grok-3-mini-fast
53,53,26.333333333333332,12,5.822222222222222,0.6761904761904762,88.28420256991686,0.01182398723932163,4888811.505226481,0.5174603174603175,grok-3-mini-fast
54,61,23.785714285714285,14,5.688821752265861,0.6435045317220544,96.38466242549812,0.013094660338739142,4850893.704081632,0.4954682779456193,grok-3-mini-fast
55,50,27.25,12,5.707692307692308,0.6615384615384615,102.05917159763314,0.012351408783431194,5094777.452380952,0.5015384615384615,grok-3-mini-fast
56,56,30.545454545454547,11,5.726190476190476,0.6755952380952381,102.57227891156462,0.01158910328436238,5335995.120915033,0.49107142857142855,grok-3-mini-fast
57,55,22.4375,16,5.969014084507042,0.7098591549295775,89.82344772862527,0.009938258055332414,4948845.3742331285,0.532394366197183,grok-3-mini-fast
58,56,24.846153846153847,13,5.728125,0.65625,93.75,0.01265911677103777,4900122.696113074,0.5,grok-3-mini-fast
59,63,28.153846153846153,13,5.572602739726028,0.6575342465753424,92.47513604803903,0.012044614159270918,4763662.74695122,0.4958904109589041,grok-3-mini-fast
60,51,23.466666666666665,15,6.014245014245014,0.6809116809116809,83.92789019569646,0.011188818879947916,4335828.471518988,0.47863247863247865,grok-3-mini-fast
61,51,22.8125,16,5.989041095890411,0.6520547945205479,97.57928316757365,0.01228502038893694,5038315.751497006,0.4712328767123288,grok-3-mini-fast
62,46,25.214285714285715,14,5.621082621082621,0.6723646723646723,106.9796511391953,0.01155656801039397,5302938.373417721,0.45584045584045585,grok-3-mini-fast
63,43,25.23076923076923,13,5.954128440366972,0.6758409785932722,111.66287910669696,0.011687199946997004,5222050.742574258,0.44648318042813456,grok-3-mini-fast
64,54,25.4,15,5.502631578947368,0.6421052631578947,80.88642659279779,0.012554770051846844,4269472.681034483,0.4868421052631579,grok-3-mini-fast
65,48,26.5,12,5.860759493670886,0.6772151898734177,90.53036372376222,0.011765259322848817,4848454.496503497,0.4778481012658228,grok-3-mini-fast
66,55,27.53846153846154,13,6.189944134078212,0.6983240223463687,80.36578134265473,0.010383607003157798,4591085.299382716,0.4553072625698324,grok-3-mini-fast
67,68,22.157894736842106,19,5.800475059382423,0.669833729216152,85.75893839461524,0.010974755455435602,4730852.416666667,0.4655581947743468,grok-3-mini-fast
68,42,26.142857142857142,14,6.087431693989071,0.6830601092896175,73.90486428379468,0.010940315644657394,3742595.982035928,0.4726775956284153,grok-3-mini-fast
69,52,28.166666666666668,12,6.095238095238095,0.7023809523809523,62.358276643990926,0.010440072942195405,3847175.7612903225,0.5267857142857143,grok-3-mini-fast
70,55,19.705882352941178,17,5.8053892215568865,0.6766467065868264,92.33030944099825,0.011566875945103763,4881532.572368421,0.47305389221556887,grok-3-mini-fast
71,42,25.923076923076923,13,6.106824925816023,0.6943620178041543,84.35400505419612,0.010768396100886932,4646142.231511254,0.4807121661721068,grok-3-mini-fast
72,54,23.875,16,5.656167979002625,0.6325459317585301,93.13796405370589,0.012968377834453948,4599279.495601173,0.4671916010498688,grok-3-mini-fast
73,46,24.142857142857142,14,6.0325443786982245,0.6627218934911243,97.68565526417142,0.01213287424072118,4930231.123809524,0.47041420118343197,grok-3-mini-fast
74,63,23.176470588235293,17,5.913486005089059,0.6895674300254453,89.09089731885607,0.010415474176986484,4810481.196581197,0.5012722646310432,grok-3-mini-fast
75,49,21.125,16,5.874251497005988,0.7035928143712575,70.99573308472874,0.010410486979251916,4400954.161812298,0.47904191616766467,grok-3-mini-fast
76,44,26.23076923076923,13,5.721407624633431,0.6598240469208211,110.76616128172272,0.012224982192638687,5056872.199356914,0.4604105571847507,grok-3-mini-fast
77,47,21.733333333333334,15,5.889230769230769,0.7046153846153846,71.38461538461539,0.010465638714702193,4147445.353741497,0.5076923076923077,grok-3-mini-fast
78,49,24.125,16,5.8782383419689115,0.6373056994818653,92.75416789712476,0.012700322765410473,4844704.065527066,0.4689119170984456,grok-3-mini-fast
79,44,25.833333333333332,12,5.925566343042071,0.7281553398058253,62.420795760413064,0.009651027449145639,3788195.035714286,0.5145631067961165,grok-3-mini-fast
80,45,26.416666666666668,12,6.1198738170347005,0.6971608832807571,65.28077700046771,0.01087711804970603,4170683.5878378376,0.5331230283911672,grok-3-mini-fast
81,49,26.833333333333332,12,6.214285714285714,0.6894409937888198,64.81231433972455,0.01115217258352572,4029372.1672240803,0.5714285714285714,grok-3-mini-fast
82,53,24.846153846153847,13,6.1671826625387,0.6687306501547987,83.19834370117609,0.012053884088823285,4507412.214765101,0.5727554179566563,grok-3-mini-fast
83,66,29.928571428571427,14,6.081145584725537,0.6420047732696897,85.09862668815967,0.012156049354837207,4687289.946428572,0.5536992840095465,grok-3-mini-fast
84,53,25.666666666666668,12,6.2272727272727275,0.7012987012987013,63.88092427053466,0.010806508648337968,3899874.9498207886,0.5487012987012987,grok-3-mini-fast
85,44,25.818181818181817,11,6.264084507042254,0.7288732394366197,71.41440190438405,0.00991057432886392,3978952.644787645,0.5528169014084507,grok-3-mini-fast
86,48,26.272727272727273,11,6.193771626297578,0.7024221453287197,50.526214963901296,0.01100088461427419,3442711.7613636362,0.5605536332179931,grok-3-mini-fast
87,43,28.666666666666668,12,6.037790697674419,0.6598837209302325,76.39264467279611,0.012185691162277973,4130600.551829268,0.5697674418604651,grok-3-mini-fast
88,57,27.928571428571427,14,6.084398976982097,0.6419437340153452,75.61436672967864,0.012442070845439525,4084470.687150838,0.5805626598465473,grok-3-mini-fast
89,40,27.181818181818183,11,6.046822742474917,0.6956521739130435,57.270052907685596,0.011168021475790435,3493450.420289855,0.5886287625418061,grok-3-mini-fast
90,49,27.53846153846154,13,6.35754189944134,0.7039106145251397,48.53156892731188,0.01015318434035275,2974495.4067278286,0.5921787709497207,grok-3-mini-fast
91,44,26.153846153846153,13,6.144117647058824,0.6529411764705882,62.45674740484429,0.01254593301721131,3684106.3848580443,0.5705882352941176,grok-3-mini-fast
92,54,31.727272727272727,11,5.845272206303725,0.6418338108882522,72.74160310670685,0.012934705906689655,3782013.6927899686,0.5358166189111748,grok-3-mini-fast
93,49,26.75,12,6.392523364485982,0.6947040498442367,56.09417610465737,0.010935889003047695,3431910.0588235296,0.5887850467289719,grok-3-mini-fast
94,58,26.571428571428573,14,6.032258064516129,0.6559139784946236,77.46560295987976,0.012037848998335252,4036857.1238938053,0.5483870967741935,grok-3-mini-fast
95,52,28.25,12,6.336283185840708,0.6843657817109144,78.66273352999016,0.011173756342490689,4395920.614649681,0.551622418879056,grok-3-mini-fast
96,42,30.1,10,6.21594684385382,0.6910299003322259,62.250968532356154,0.011346626276305918,3798433.034965035,0.5813953488372093,grok-3-mini-fast
97,49,29.5,12,6.008474576271187,0.6807909604519774,79.47907689361294,0.011161541060344305,4418544.439628483,0.5451977401129944,grok-3-mini-fast
98,63,27.142857142857142,14,6.163157894736842,0.6815789473684211,59.418282548476455,0.010864001634840083,3415058.059659091,0.5657894736842105,grok-3-mini-fast
99,54,27.23076923076923,13,6.192090395480226,0.6751412429378532,61.7638609594944,0.011403448434514341,3766964.243975904,0.5847457627118644,grok-3-mini-fast
100,43,29.90909090909091,11,5.801829268292683,0.6463414634146342,120.09220701963118,0.013004775082996698,5829402.172757475,0.5060975609756098,grok-3-mini-fast
101,44,26.09090909090909,11,6.097560975609756,0.7386759581881533,67.98674258519588,0.009456709639617155,4239543.08045977,0.5679442508710801,grok-3-mini-fast
102,54,29.166666666666668,12,6.065714285714286,0.6914285714285714,81.95918367346938,0.010753062308167064,4770214.775,0.5485714285714286,grok-3-mini-fast
103,58,27.846153846153847,13,5.759002770083103,0.628808864265928,102.51609487342792,0.01337782225326878,5233377.692546584,0.4986149584487535,grok-3-mini-fast
104,53,25.428571428571427,14,5.828169014084507,0.6929577464788732,106.1694108311843,0.010637107141169957,5174080.641744548,0.5154929577464789,grok-3-mini-fast
105,48,26.46153846153846,13,5.862973760932944,0.6997084548104956,73.26879106494742,0.010478315378910303,4319288.926984127,0.5364431486880467,grok-3-mini-fast
106,48,26.0,12,5.782051282051282,0.6923076923076923,87.31919789612097,0.011149227626647168,4834925.557553957,0.5192307692307693,grok-3-mini-fast
107,48,26.333333333333332,12,6.050632911392405,0.6867088607594937,73.5058484217273,0.011345037768502684,4113506.4593639574,0.5379746835443038,grok-3-mini-fast
108,62,27.846153846153847,13,5.773480662983426,0.6767955801104972,88.82512743811239,0.01124659901180742,4969997.939393939,0.5082872928176796,grok-3-mini-fast
109,45,28.8,10,6.041666666666667,0.7291666666666666,60.763888888888886,0.00984913011750297,4081601.1494252873,0.5451388888888888,grok-3-mini-fast
110,47,28.25,12,5.964601769911504,0.6991150442477876,100.76487326076175,0.010545549539776248,5142809.460063898,0.5457227138643068,grok-3-mini-fast
111,47,27.923076923076923,13,5.986225895316805,0.6776859504132231,75.28326085801667,0.011198234770107233,4444309.417910447,0.5261707988980716,grok-3-mini-fast
112,42,28.0,10,5.8464285714285715,0.725,59.183673469387756,0.010128345695018148,3982520.153846154,0.5392857142857143,grok-3-mini-fast
113,54,28.75,12,6.0202898550724635,0.672463768115942,95.44213400546104,0.01162054978262918,4998923.580128205,0.5246376811594203,grok-3-mini-fast
114,52,25.357142857142858,14,5.720338983050848,0.6299435028248588,77.40432187430177,0.013414899913897136,4364496.064814814,0.4830508474576271,grok-3-mini-fast
115,47,21.4,15,5.845911949685535,0.6761006289308176,89.79075194810332,0.011789119929992549,4728522.788732395,0.5157232704402516,grok-3-mini-fast
116,49,30.25,12,5.677685950413223,0.6446280991735537,94.55941837609757,0.012637632723508232,5069306.118902439,0.5013774104683195,grok-3-mini-fast
117,55,32.0,11,5.7094017094017095,0.6467236467236467,99.51217928425906,0.01268853682405753,5163235.111455108,0.5042735042735043,grok-3-mini-fast
118,49,26.166666666666668,12,5.936305732484076,0.697452229299363,87.42748184510528,0.0109004867959123,4743580.653710247,0.554140127388535,grok-3-mini-fast
119,41,28.363636363636363,11,5.785256410256411,0.6891025641025641,85.05917159763314,0.011289921566097915,4821627.851590106,0.5352564102564102,grok-3-mini-fast
120,57,25.6,15,5.968586387434555,0.6832460732984293,97.03681368383542,0.010775713443970754,5140834.098837209,0.4973821989528796,grok-3-mini-fast
121,50,24.0,14,5.907462686567164,0.7044776119402985,53.285809757184225,0.010362606410748394,3535603.6957928804,0.5194029850746269,grok-3-mini-fast
122,52,24.785714285714285,14,5.755813953488372,0.6715116279069767,83.32206598161169,0.011673638736198456,4601707.373801917,0.5116279069767442,grok-3-mini-fast
123,48,32.3,10,5.910216718266254,0.7151702786377709,81.47303242626691,0.010042597216198575,4273922.044067796,0.4891640866873065,grok-3-mini-fast
124,45,28.363636363636363,11,5.784565916398714,0.6784565916398714,73.40701605649238,0.01177514514118138,4295768.127208481,0.5080385852090032,grok-3-mini-fast
125,49,22.642857142857142,14,5.939873417721519,0.689873417721519,75.70902099022592,0.011206253949381559,4424113.159574468,0.4873417721518987,grok-3-mini-fast
126,59,25.5,16,5.805418719211823,0.6354679802955665,106.53012691402364,0.012567637137847209,4792584.625,0.5197044334975369,grok-3-mini-fast
127,64,28.2,15,5.92654028436019,0.6587677725118484,111.85732575638463,0.01142201250528657,5109185.709511568,0.514218009478673,grok-3-mini-fast
128,55,28.583333333333332,12,5.798833819241983,0.6967930029154519,76.66873496587306,0.010600835392812024,4382437.103896104,0.4868804664723032,grok-3-mini-fast
129,57,25.8,15,5.863049095607235,0.6666666666666666,62.89686116619594,0.011420643572314268,4002561.852272727,0.4780361757105943,grok-3-mini-fast
130,40,26.583333333333332,12,5.836990595611285,0.6865203761755486,108.68603885575024,0.011316139379305784,5238262.181818182,0.5172413793103449,grok-3-mini-fast
131,53,24.53846153846154,13,5.993730407523511,0.6927899686520376,64.07169740863395,0.011042623282400705,3578809.1160409558,0.5015673981191222,grok-3-mini-fast
132,46,26.692307692307693,13,6.164739884393064,0.6676300578034682,84.03220956263156,0.01182010124597279,4601294.2331288345,0.47109826589595377,grok-3-mini-fast
133,58,30.384615384615383,13,5.901015228426396,0.6522842639593909,78.46118168466077,0.011962862882534299,4366500.22739726,0.5126903553299492,grok-3-mini-fast
134,54,26.857142857142858,14,5.7962466487935655,0.6702412868632708,80.06957571749959,0.011410707646812688,4481002.62797619,0.47989276139410186,grok-3-mini-fast
135,53,27.923076923076923,13,5.657458563535911,0.6519337016574586,79.6678978053173,0.012324813327755134,4445188.572755418,0.4585635359116022,grok-3-mini-fast
136,54,27.23076923076923,13,5.8559322033898304,0.652542372881356,71.49924989626224,0.0123917555267052,4137473.212962963,0.4971751412429379,grok-3-mini-fast
137,66,25.6,15,5.866492146596858,0.680628272251309,69.89939968750856,0.010884312896851317,4095169.5384615385,0.4816753926701571,grok-3-mini-fast
138,65,20.75,20,5.688405797101449,0.6714975845410628,76.89794394268245,0.010967590923507032,4413002.675603217,0.45410628019323673,grok-3-mini-fast
139,53,32.333333333333336,12,5.909560723514212,0.6589147286821705,69.44027135121421,0.01175008326680801,4228056.252148997,0.46770025839793283,grok-3-mini-fast
140,59,24.714285714285715,14,5.763005780346821,0.6647398843930635,61.98001937919744,0.011947026177968641,3896998.2987421383,0.5,grok-3-fast
141,44,27.0,13,5.572649572649572,0.6809116809116809,69.47995551984155,0.011188818879947916,3676200.651234568,0.5014245014245015,grok-3-fast
142,57,26.46153846153846,13,5.683139534883721,0.6976744186046512,55.266360194699836,0.010553212317722388,3021620.6357827475,0.5232558139534884,grok-3-fast
143,53,33.25,12,5.398496240601504,0.6591478696741855,62.436793738732796,0.011620702271659133,4024066.597826087,0.48621553884711777,grok-3-fast
144,50,21.294117647058822,17,5.497222222222222,0.6527777777777778,71.75925925925925,0.012310679464296257,3922327.475308642,0.4861111111111111,grok-3-fast
145,64,25.235294117647058,17,5.738927738927739,0.6223776223776224,84.87239256470026,0.012906695654575778,4239896.636125655,0.4825174825174825,grok-3-fast
146,45,26.166666666666668,12,5.680511182108626,0.6549520766773163,65.9392256734273,0.012816715216125821,4049342.1725352113,0.4696485623003195,grok-3-fast
147,57,25.571428571428573,14,5.594972067039106,0.664804469273743,71.47092787366186,0.01180608513169993,3999822.5682539684,0.44972067039106145,grok-3-fast
148,61,25.41176470588235,17,5.642691415313225,0.6705336426914154,66.32177906019024,0.01086159614608749,3891980.676691729,0.4872389791183295,grok-3-fast
149,52,24.8,15,5.540322580645161,0.6720430107526881,64.89189501676495,0.011344431892961658,3843593.36119403,0.49193548387096775,grok-3-fast
150,59,23.625,16,5.740053050397878,0.6710875331564987,64.87064568103624,0.011333854058830238,3870085.281524927,0.4827586206896552,grok-3-fast
151,50,23.133333333333333,15,5.7514450867052025,0.6936416184971098,50.45273814694777,0.010701895674692645,3465309.3025477706,0.5028901734104047,grok-3-fast
152,41,22.384615384615383,13,5.725085910652921,0.7079037800687286,59.28130277157804,0.010732638169900407,3510578.0656370656,0.5154639175257731,grok-3-fast
153,57,25.133333333333333,15,5.663129973474801,0.6684350132625995,63.885625030781895,0.01144639252710749,4079620.0967741935,0.5172413793103449,grok-3-fast
154,58,21.944444444444443,18,5.681012658227848,0.6734177215189874,63.32318538695722,0.011060749900038993,3652051.5573770492,0.5063291139240507,grok-3-fast
155,61,19.263157894736842,19,5.47945205479452,0.6767123287671233,68.90598611371739,0.011218690181698215,3634965.498422713,0.4904109589041096,grok-3-fast
156,46,24.357142857142858,14,5.624633431085044,0.7038123167155426,44.891254805170234,0.010327396127881208,2932221.424437299,0.4780058651026393,grok-3-fast
157,57,21.22222222222222,18,5.510471204188482,0.6361256544502618,66.74707381924837,0.012797296305515992,3880735.4434782607,0.4790575916230366,grok-3-fast
158,55,25.0,15,5.762032085561497,0.6711229946524064,54.476822328347964,0.01136293854558124,3199379.5581395347,0.516042780748663,grok-3-fast
159,59,23.58823529411765,17,5.4812967581047385,0.6384039900249376,59.94987593360738,0.012491352405898368,3435317.7342465753,0.48877805486284287,grok-3-fast
160,47,19.11764705882353,17,5.6461538461538465,0.6861538461538461,64.0,0.011259305135728159,3777995.1979166665,0.48615384615384616,grok-3-fast
161,52,20.8,15,5.887820512820513,0.6987179487179487,67.80078895463511,0.01086978334854855,3899888.857651246,0.5448717948717948,grok-3-fast
162,51,21.933333333333334,15,6.1155015197568385,0.7203647416413373,53.02981310224407,0.009763494154873176,3769786.3475409835,0.5288753799392097,grok-3-fast
163,48,22.666666666666668,15,5.790560471976401,0.6666666666666666,73.96385342974739,0.011945724946721557,4327064.724025974,0.5162241887905604,grok-3-fast
164,45,23.214285714285715,14,6.086153846153846,0.7261538461538461,68.54437869822485,0.009565566041632174,4228316.799319728,0.5046153846153846,grok-3-fast
165,42,23.083333333333332,12,6.075812274368231,0.7220216606498195,67.51032855895424,0.010297329672046936,4046135.004,0.5018050541516246,grok-3-fast
166,56,23.066666666666666,15,5.828985507246377,0.7130434782608696,80.48729258559126,0.00990461149277646,4569945.636942675,0.527536231884058,grok-3-fast
167,46,22.4,15,5.737313432835821,0.6985074626865672,71.64179104477611,0.010614371320425189,4017348.073089701,0.49850746268656715,grok-3-fast
168,42,25.785714285714285,14,5.750692520775623,0.6648199445983379,82.2584234313733,0.011771977425913422,4360351.048929663,0.481994459833795,grok-3-fast
169,39,21.928571428571427,14,5.801302931596092,0.6970684039087948,66.41980286262984,0.011003265448136169,3907569.0216606497,0.50814332247557,grok-3-fast
170,58,20.22222222222222,18,5.867768595041323,0.6914600550964187,74.52435701872216,0.01061910133647485,4450604.088685015,0.5261707988980716,grok-3-fast
171,53,23.941176470588236,17,5.896805896805897,0.6609336609336609,63.024829609596196,0.01146911006341966,3474151.6199460914,0.5085995085995086,grok-3-fast
172,44,24.75,12,5.956228956228956,0.7373737373737373,48.521125962203406,0.009397708219049164,3521705.063197026,0.5050505050505051,grok-3-fast
173,44,23.5,14,5.927051671732523,0.7021276595744681,73.7243743128759,0.010526791551132574,4326466.553333334,0.5227963525835866,grok-3-fast
174,52,21.529411764705884,17,5.737704918032787,0.6912568306010929,78.38394696766102,0.010597944777470726,4363568.487951808,0.5109289617486339,grok-3-fast
175,43,19.625,16,6.063897763578275,0.7060702875399361,81.04604517755617,0.010540660179084537,4625717.753521127,0.5047923322683706,grok-3-fast
176,45,22.666666666666668,15,5.9144542772861355,0.7109144542772862,64.56609322926184,0.010052453798684418,4008795.419871795,0.5191740412979351,grok-3-fast
177,46,18.68421052631579,19,5.977464788732394,0.7183098591549296,63.95556437214838,0.009595048917223245,4244975.097560976,0.5211267605633803,grok-3-fast
178,40,23.0,13,5.832775919732441,0.7190635451505016,66.44220981868212,0.01014940659863626,4100513.128205128,0.5050167224080268,grok-3-fast
179,48,22.714285714285715,14,5.864779874213837,0.6981132075471698,70.80416122779954,0.010824115084641605,4118776.6631205673,0.5188679245283019,grok-3-fast
180,53,15.5,22,5.410557184750733,0.6656891495601173,90.29850104488266,0.011964782449414459,4483783.891025641,0.4633431085043988,grok-3-fast
181,62,17.5,22,5.447916666666667,0.6692708333333334,65.37543402777777,0.0113404349913912,4080513.086350975,0.4583333333333333,grok-3-fast
182,50,19.5625,16,5.437699680511182,0.7124600638977636,71.65531953985445,0.010267813921860778,4269484.486013986,0.4696485623003195,grok-3-fast
183,77,18.12,25,5.672566371681416,0.6327433628318584,73.81157490798026,0.01224520492650243,4302596.658823529,0.5066371681415929,grok-3-fast
184,52,18.523809523809526,21,5.541237113402062,0.6443298969072165,69.48134764587097,0.012369830569556303,4194881.122159091,0.4536082474226804,grok-3-fast
185,43,21.466666666666665,15,5.482866043613707,0.6791277258566978,87.14977533214933,0.011616676359557345,4688081.653333333,0.470404984423676,grok-3-fast
186,50,19.72222222222222,18,5.519774011299435,0.6497175141242938,79.31948035366594,0.012517693758545825,4512258.3058103975,0.4604519774011299,grok-3-fast
187,49,18.9375,16,5.448844884488449,0.6765676567656765,76.02740472067009,0.011968202509032138,3957327.592727273,0.47194719471947194,grok-3-fast
188,68,15.64,25,5.635897435897436,0.6461538461538462,66.92965154503617,0.012269105034680141,4120152.38,0.47435897435897434,grok-3-fast
189,55,18.944444444444443,18,5.770588235294118,0.6441176470588236,83.04498269896193,0.01294637476969559,4739474.625,0.43823529411764706,grok-3-fast
190,47,16.444444444444443,18,5.925675675675675,0.7263513513513513,61.176040905770634,0.009873982181479004,3938447.900735294,0.5135135135135135,grok-3-fast
191,46,15.294117647058824,17,5.7,0.7423076923076923,42.89940828402367,0.0096371302831467,3239746.3025210085,0.5346153846153846,grok-3-fast
192,57,15.083333333333334,24,5.412742382271468,0.6537396121883656,87.93671012346437,0.01225662735023902,4679194.290519877,0.4515235457063712,grok-3-fast
193,62,13.392857142857142,28,5.792,0.7013333333333334,56.035555555555554,0.010099277719603018,3919960.1339285714,0.4826666666666667,grok-3-fast
194,61,18.38095238095238,21,5.4609375,0.6458333333333334,83.82161458333333,0.012347133408739917,4729357.920454546,0.4713541666666667,grok-3-fast
195,41,19.071428571428573,14,5.550561797752809,0.6853932584269663,79.11458990868157,0.012101044289625508,4454937.676470588,0.449438202247191,grok-3-fast
196,63,15.384615384615385,26,5.449748743718593,0.6532663316582915,61.867124567561426,0.011880546795523366,3907615.3051771116,0.4396984924623116,grok-3-fast
197,51,18.6,20,5.610215053763441,0.6451612903225806,78.18822985316221,0.012509665808278354,4458954.0573065905,0.4381720430107527,grok-3-fast
198,57,21.529411764705884,17,5.7190082644628095,0.6804407713498623,77.71175314375915,0.011081472092418764,4276322.745454545,0.48760330578512395,grok-3-fast
199,44,18.41176470588235,17,5.463258785942492,0.6773162939297125,64.30605599730526,0.011799832604891893,3970680.0616438356,0.48242811501597443,grok-3-fast
200,55,20.22222222222222,18,5.8264462809917354,0.6859504132231405,76.64928776874682,0.01084935824913006,4509365.975460122,0.5482093663911846,grok-3-fast
201,66,18.347826086956523,23,5.5663507109004735,0.6587677725118484,68.05777049033041,0.01142201250528657,4294416.542105263,0.5071090047393365,grok-3-fast
202,59,25.0625,16,5.720698254364089,0.6758104738154613,63.059309332653406,0.01090645894644259,4098610.2715053763,0.5361596009975063,grok-3-fast
203,57,18.842105263157894,19,5.661064425770308,0.680672268907563,71.87188600930568,0.011134560935445983,4493962.332298136,0.5238095238095238,grok-3-fast
204,55,18.36842105263158,19,5.7701149425287355,0.6695402298850575,61.76509446426212,0.011713408617279096,3587409.3615635177,0.5431034482758621,grok-3-fast
205,71,23.36842105263158,19,5.486486486486487,0.6441441441441441,62.29202175148121,0.011836482119204359,4083176.9370277077,0.481981981981982,grok-3-fast
206,77,25.5,18,5.622270742358078,0.6222707423580786,64.64407619991991,0.012637150533162582,3899577.9901960786,0.4890829694323144,grok-3-fast
207,64,22.05263157894737,19,5.636363636363637,0.6746411483253588,53.34126965957739,0.01080445744377076,3524632.4379947227,0.5143540669856459,grok-3-fast
208,47,23.214285714285715,14,5.7446153846153845,0.6461538461538462,90.31952662721893,0.013054806237672077,4706506.034129693,0.5076923076923077,grok-3-fast
209,80,23.0,19,5.826086956521739,0.665903890160183,59.06717844257445,0.010999687917825412,4146492.064935065,0.5148741418764302,grok-3-fast
210,71,21.789473684210527,19,5.673965936739659,0.6666666666666666,58.962473582325465,0.011193438180189341,3598248.89701897,0.5012165450121655,grok-3-fast
211,68,21.105263157894736,19,5.565,0.6875,55.875,0.010437827444938982,3746524.7877094974,0.495,grok-3-fast
212,73,26.666666666666668,15,5.82,0.66,78.0,0.011575004877306401,4388754.925,0.5175,grok-3-fast
213,52,22.3125,16,5.685393258426966,0.6544943820224719,85.37432142406261,0.012281460157861909,4757078.367601246,0.5196629213483146,grok-3-fast
214,62,19.72222222222222,18,5.690140845070423,0.6788732394366197,61.73378297956754,0.011232627731605977,3789067.453416149,0.532394366197183,grok-3-fast
215,63,21.529411764705884,17,5.865753424657535,0.6712328767123288,68.00525426909364,0.011452255507225001,4258081.865443425,0.5178082191780822,grok-3-fast
216,53,25.0,17,5.705882352941177,0.6423529411764706,63.11418685121107,0.012084197670662352,3761245.1223958335,0.4988235294117647,grok-3-fast
217,53,30.076923076923077,13,5.680306905370844,0.6624040920716112,64.8870690275443,0.011561377267963451,3845749.2877492877,0.4859335038363171,grok-3-fast
218,58,20.9,20,5.824940047961631,0.6642685851318945,86.7219893150228,0.011238729099766585,4518967.147368421,0.513189448441247,grok-3-fast
219,60,22.733333333333334,15,5.882005899705015,0.696165191740413,54.29817004724985,0.01067012385982638,3250190.7176079736,0.5073746312684366,grok-3-fast
220,55,22.11764705882353,17,5.8111702127659575,0.6861702127659575,74.55296514259847,0.010711867601317837,4592888.850144092,0.5319148936170213,grok-3-fast
221,43,21.642857142857142,14,6.016501650165017,0.7227722772277227,52.064612401834246,0.009944669823317095,3714370.717391304,0.5445544554455446,grok-3-fast
222,49,19.176470588235293,17,5.935582822085889,0.7085889570552147,54.386691256727765,0.010286604331645754,3546467.1220338983,0.5122699386503068,grok-3-fast
223,48,23.0,14,6.15527950310559,0.7204968944099379,64.04073916901353,0.009830853013057701,3576930.5833333335,0.5434782608695652,grok-3-fast
224,45,26.916666666666668,12,5.835913312693498,0.6934984520123839,65.5618284465489,0.01096442140128147,3994451.621527778,0.5077399380804953,grok-3-fast
225,48,25.076923076923077,13,5.923312883435583,0.6993865030674846,68.8772629756483,0.010676953435685884,4193171.125,0.5184049079754601,grok-3-fast
226,54,21.4375,16,5.766763848396502,0.6822157434402333,69.69884996897551,0.011221228495192699,4433775.540983606,0.5014577259475219,grok-3-fast
227,43,20.4375,16,5.691131498470948,0.709480122324159,65.08991947928064,0.010238232235988812,4150691.9215017064,0.5045871559633027,grok-3-fast
228,50,21.4,15,6.009345794392523,0.7009345794392523,57.64695606603197,0.010667838687199652,3722962.817869416,0.5233644859813084,grok-3-fast
229,59,23.058823529411764,17,5.829081632653061,0.6862244897959183,60.5216576426489,0.010560657352453396,3755416.9802259887,0.5331632653061225,grok-3-fast
230,44,21.2,15,5.789308176100629,0.6698113207547169,69.81527629445038,0.012070611329272016,3950669.958041958,0.5251572327044025,grok-3-fast
231,49,21.1875,16,5.817109144542773,0.672566371681416,72.2235274666945,0.011686148088723787,4189158.5529801324,0.5073746312684366,grok-3-fast
232,54,22.647058823529413,17,5.987012987012987,0.6883116883116883,65.57598245909934,0.010538991255601097,4020302.541547278,0.5246753246753246,grok-3-fast
233,49,21.733333333333334,15,5.785276073619632,0.6901840490797546,66.24261357220821,0.011072472876720576,4097840.107266436,0.48773006134969327,grok-3-fast
234,52,20.8125,16,5.5843373493975905,0.6596385542168675,70.22064160255479,0.012346239652082504,4333444.087412587,0.4608433734939759,grok-3-fast
235,53,25.76923076923077,13,5.943283582089553,0.6865671641791045,66.65181554912007,0.01112442185792938,4235304.2393442625,0.5283582089552239,grok-3-fast
236,48,20.0625,16,5.890965732087228,0.6947040498442367,67.74002581496686,0.010935889003047695,4116313.6747404845,0.5264797507788161,grok-3-fast
237,51,19.705882352941178,17,5.901492537313433,0.7134328358208956,52.21652929382936,0.009988931568530156,3713603.1525974027,0.5313432835820896,grok-3-fast
238,64,20.894736842105264,19,5.740554156171284,0.6624685138539043,67.5088351553528,0.01149989036594212,4173773.4860335197,0.5113350125944585,grok-3-fast
239,56,22.928571428571427,14,5.585669781931464,0.7071651090342679,78.9976805349327,0.010402160529141325,4619611.039568345,0.4766355140186916,grok-3-fast
240,40,21.5625,16,5.699708454810495,0.6676384839650146,75.3087574055028,0.011855022047493865,4214377.436708861,0.478134110787172,grok-3-fast
241,47,19.27777777777778,18,5.763688760806916,0.6801152737752162,84.379074653888,0.011266914434924568,4729473.738019169,0.46397694524495675,grok-3-fast
242,51,22.75,16,5.763736263736264,0.6346153846153846,73.96449704142012,0.013075989657051389,4356205.61746988,0.44505494505494503,grok-3-fast
243,50,17.63157894736842,19,5.617910447761194,0.6805970149253732,71.9982178658944,0.011382783310911347,4415904.1644295305,0.46567164179104475,grok-3-fast
244,47,20.647058823529413,17,6.014245014245014,0.6923076923076923,63.96051980097564,0.01070560304461003,3958552.403785489,0.49002849002849,grok-3-fast
245,47,18.72222222222222,18,5.807121661721069,0.6646884272997032,77.83814245084486,0.01205775908844346,3964199.758503401,0.44510385756676557,grok-3-fast
246,55,18.095238095238095,21,5.596306068601583,0.6701846965699209,75.60515451716432,0.011351850051718486,4623885.360703812,0.45646437994722955,grok-3-fast
247,47,17.105263157894736,19,5.975155279503106,0.6770186335403726,64.2336329616913,0.011697444022611903,4076776.730375427,0.484472049689441,grok-3-fast
248,62,22.22222222222222,18,5.7819548872180455,0.6616541353383458,76.38142976488841,0.01151489466977172,4479540.338842975,0.49122807017543857,grok-3-fast
249,42,19.5625,16,5.731629392971246,0.6837060702875399,82.06677622513244,0.011515457466598373,4912186.835664336,0.4792332268370607,grok-3-fast
250,42,17.157894736842106,19,5.6871165644171775,0.6932515337423313,82.42688847905454,0.01094005012650275,4760187.636363637,0.46319018404907975,grok-3-fast
251,49,22.470588235294116,17,5.853403141361256,0.6649214659685864,64.41709382966475,0.011544812689856548,4132307.209770115,0.44502617801047123,grok-3-fast
252,56,18.181818181818183,22,5.8025,0.6725,60.5,0.011052344541480023,3980658.356353591,0.465,grok-3-fast
253,49,23.733333333333334,15,6.047887323943662,0.7070422535211267,63.0033723467566,0.010053569673243019,4154734.9056603773,0.5126760563380282,grok-3-fast
254,45,16.68421052631579,19,5.555555555555555,0.6571428571428571,85.86545729402873,0.012687437409661642,4746395.462897526,0.4507936507936508,grok-3-fast
255,57,17.523809523809526,21,5.926430517711172,0.6893732970027248,69.49342559526019,0.010666394483012319,4183600.6544342507,0.4822888283378747,grok-3-fast
256,47,18.27777777777778,18,5.966565349544073,0.6778115501519757,76.86551306806109,0.011575956270349927,4223074.163194444,0.47720364741641336,grok-3-fast
257,52,17.19047619047619,21,5.911357340720222,0.6814404432132964,67.5255714735154,0.01105994145412752,3843415.7350157727,0.44321329639889195,grok-3-fast
258,44,18.176470588235293,17,5.964169381107492,0.6872964169381107,54.32418381096882,0.011433730857852018,3785347.2964285715,0.48534201954397393,grok-3-fast
259,57,18.75,20,5.903485254691689,0.6836461126005362,59.65686521142249,0.010845968564644629,3749879.9292035396,0.4745308310991957,grok-3-fast
260,45,28.0,12,5.907738095238095,0.7291666666666666,66.60997732426304,0.009334051890801706,4196597.527868852,0.5059523809523809,grok-3-mini
261,36,31.125,8,5.6546184738955825,0.7349397590361446,58.38615506201513,0.010116413035542738,3831114.7896995707,0.5461847389558233,grok-3-mini
262,56,26.142857142857142,14,6.1597796143250685,0.7024793388429752,55.85532257207689,0.010164041097123268,3638115.0301204817,0.5151515151515151,grok-3-mini
263,43,28.272727272727273,11,5.844660194174757,0.6990291262135923,71.21835757899477,0.010892904587533635,3995803.4637681157,0.511326860841424,grok-3-mini
264,49,25.866666666666667,15,5.948186528497409,0.6658031088082902,69.26360439206421,0.011467109231416238,3824208.7881355933,0.5518134715025906,grok-3-mini
265,59,23.923076923076923,13,5.897106109324759,0.729903536977492,85.8138356716742,0.009556556888582923,4350275.294736842,0.5273311897106109,grok-3-mini
266,53,26.76923076923077,13,5.953890489913545,0.729106628242075,61.12499896187162,0.009233931938366581,3858786.6095238095,0.5417867435158501,grok-3-mini
267,45,25.153846153846153,13,6.103975535168196,0.6880733944954128,86.41247930870017,0.011152123763767733,4494099.034364261,0.5351681957186545,grok-3-mini
268,57,30.5,12,5.773224043715847,0.6830601092896175,67.78345128251067,0.010940315644657394,3818969.005988024,0.5409836065573771,grok-3-mini
269,61,25.2,15,5.973544973544974,0.7063492063492064,52.21018448531676,0.009869853279605136,3309658.3779069767,0.5291005291005291,grok-3-mini
270,50,22.916666666666668,12,6.1054545454545455,0.7381818181818182,68.49586776859505,0.009622289444464471,3823621.8577235774,0.5527272727272727,grok-3-mini
271,54,30.416666666666668,12,5.802739726027397,0.6931506849315069,77.16269468943517,0.010529176040620264,4101747.059347181,0.5315068493150685,grok-3-mini
272,47,25.23076923076923,13,5.771341463414634,0.6951219512195121,75.29000594883998,0.010836672939671308,4032675.6416382254,0.5060975609756098,grok-3-mini
273,75,24.352941176470587,17,5.932367149758454,0.6956521739130435,61.26163971154519,0.009994351207275693,3374621.008174387,0.49033816425120774,grok-3-mini
274,56,31.0,12,5.905913978494624,0.696236559139785,65.18094577407793,0.01033490269255358,3817313.0692771086,0.5456989247311828,grok-3-mini
275,59,23.5625,16,6.0828877005347595,0.6951871657754011,53.90488718579313,0.010359180792590439,3120417.0692771086,0.5427807486631016,grok-3-mini
276,61,27.533333333333335,15,5.800970873786408,0.662621359223301,69.63427278725611,0.011352293827645292,4159652.6236842107,0.5194174757281553,grok-3-mini
277,52,24.642857142857142,14,6.011594202898551,0.6956521739130435,59.987397605545056,0.01062773810360971,3752651.968847352,0.5391304347826087,grok-3-mini
278,52,28.583333333333332,12,6.040816326530612,0.6763848396501457,84.82860032809458,0.011473105584200498,4627977.598726114,0.5189504373177842,grok-3-mini
279,33,25.5,10,5.827450980392157,0.7215686274509804,56.286043829296425,0.010627630455941199,3453374.180257511,0.5254901960784314,grok-3-mini
280,56,27.333333333333332,12,6.121951219512195,0.6920731707317073,79.75163593099346,0.010967654512417635,4786103.250847458,0.5152439024390244,grok-3-mini
281,69,27.642857142857142,14,5.7979274611398965,0.6476683937823834,96.10996268356197,0.012245615320426107,5058712.121387283,0.49740932642487046,grok-3-mini
282,61,23.928571428571427,14,5.9640718562874255,0.6946107784431138,92.50959159525262,0.010790954438946758,5016315.562913908,0.5359281437125748,grok-3-mini
283,53,27.666666666666668,12,5.822289156626506,0.6807228915662651,95.62345768616635,0.011412600175113908,5202749.634228188,0.5271084337349398,grok-3-mini
284,54,26.923076923076923,13,5.653295128939828,0.6418338108882522,117.40461900969615,0.012934705906689655,5683653.230283911,0.504297994269341,grok-3-mini
285,65,25.642857142857142,14,5.698324022346369,0.6675977653631285,83.79888268156425,0.011684835934452398,4682608.691082803,0.5111731843575419,grok-3-mini
286,53,21.9375,16,5.6189111747851,0.66189111747851,102.13380842521818,0.0120370984784093,5298288.567398119,0.504297994269341,grok-3-mini
287,61,25.153846153846153,13,5.747692307692308,0.6646153846153846,120.04733727810651,0.01221269385914143,5750414.549828178,0.5169230769230769,grok-3-mini
288,54,24.46153846153846,13,5.962145110410095,0.7034700315457413,78.01848958592483,0.0106054737372665,4659699.450171822,0.5457413249211357,grok-3-mini
289,66,28.285714285714285,14,5.878172588832487,0.6802030456852792,93.5350047669355,0.010789439434909141,4709836.553008596,0.5228426395939086,grok-3-mini
290,56,27.0,13,5.896848137535817,0.6561604584527221,70.60697367016691,0.012290751726443606,4302222.537974684,0.5100286532951289,grok-3-mini
291,60,24.153846153846153,13,5.855769230769231,0.6634615384615384,96.15384615384616,0.01243961341108027,5160415.820143885,0.5064102564102564,grok-3-mini
292,52,24.5,12,5.732876712328767,0.6712328767123288,118.69018577594295,0.012370288304868854,5605761.542307693,0.5034246575342466,grok-3-mini
293,65,27.285714285714285,14,5.853018372703412,0.6587926509186351,91.34684936036538,0.011817199599441778,4919784.052173913,0.5144356955380578,grok-3-mini
294,57,30.09090909090909,11,5.872727272727273,0.6606060606060606,81.5426997245179,0.012328398944356084,4501978.023809524,0.5242424242424243,grok-3-mini
295,48,25.75,12,5.834415584415584,0.6818181818181818,87.28284702310677,0.011664486342955627,4657911.791366907,0.5064935064935064,grok-3-mini
296,69,25.0,15,5.946524064171123,0.6737967914438503,82.78761188481226,0.01124964765824781,4473824.679640719,0.4946524064171123,grok-3-mini
297,50,26.692307692307693,13,5.930434782608696,0.6898550724637681,81.49548414198698,0.010872803464786054,4662471.439490446,0.5246376811594203,grok-3-mini
298,56,26.615384615384617,13,5.608695652173913,0.6782608695652174,89.5610165931527,0.011369173648933311,5085753.865384615,0.48695652173913045,grok-3-mini
299,58,30.75,12,5.769647696476965,0.6666666666666666,73.14869896666447,0.011605435740863156,4282913.398809524,0.5365853658536586,grok-3-mini
300,45,24.0,14,5.916666666666667,0.6666666666666666,86.45124716553288,0.011982260624632745,4845845.306709265,0.47619047619047616,grok-3-mini
301,60,24.1875,16,5.4909560723514215,0.6511627906976745,85.86556630544372,0.012083421746384429,4491543.668555241,0.4909560723514212,grok-3-mini
302,54,22.933333333333334,15,6.0175953079178885,0.6891495601173021,64.49892931777333,0.010946416446371062,3934250.884244373,0.5161290322580645,grok-3-mini
303,52,28.916666666666668,12,5.792507204610951,0.6887608069164265,85.70787897914607,0.010897722722464753,4521257.536507936,0.4697406340057637,grok-3-mini
304,49,25.5,12,6.0855263157894735,0.7171052631578947,73.5803324099723,0.010174045729212869,4477980.595744681,0.4769736842105263,grok-3-mini
305,49,23.692307692307693,13,6.150326797385621,0.7189542483660131,73.04882737408688,0.010072140805423705,4140874.9853479853,0.4934640522875817,grok-3-mini
306,50,27.25,12,5.874617737003058,0.7003058103975535,77.24751938201985,0.010626476728099585,4338420.892976589,0.47706422018348627,grok-3-mini
307,54,28.384615384615383,13,6.0271739130434785,0.7010869565217391,78.2726843100189,0.010173867239842042,4415863.261904762,0.49184782608695654,grok-3-mini
308,39,33.5,10,5.961194029850747,0.6537313432835821,88.57206504789485,0.012574173782711659,4605887.703225806,0.48656716417910445,grok-3-mini
309,32,31.333333333333332,9,5.99290780141844,0.6843971631205674,82.74231678486997,0.011913402257583451,4287019.425196851,0.42907801418439717,grok-3-mini
310,49,26.923076923076923,13,5.957142857142857,0.6971428571428572,80.9795918367347,0.010513213618323976,4301815.68338558,0.48,grok-3-mini
311,49,23.214285714285715,14,5.913846153846154,0.6984615384615385,71.19526627218934,0.010727859804410095,4354942.246666667,0.4676923076923077,grok-3-mini
312,42,24.384615384615383,13,6.053627760252366,0.6876971608832808,72.24671357063957,0.011289228994439631,4242825.052264809,0.4952681388012618,grok-3-mini
313,49,24.571428571428573,14,5.9678362573099415,0.6812865497076024,79.34065182449301,0.011272495207352205,4445897.081761006,0.5116959064327485,grok-3-mini
314,49,25.846153846153847,13,5.973214285714286,0.6875,83.97108843537416,0.011072899925958469,4710251.22368421,0.4851190476190476,grok-3-mini
315,51,24.071428571428573,14,6.005970149253732,0.6925373134328359,72.88928491869014,0.010868297328713427,4286468.820261437,0.5194029850746269,grok-3-mini
316,37,29.09090909090909,11,6.04375,0.653125,94.53125,0.012802572520012127,4729347.4455782315,0.490625,grok-3-mini
317,50,23.066666666666666,15,6.0318840579710145,0.6869565217391305,97.79458097038437,0.010996109498591342,4977120.950920246,0.4956521739130435,grok-3-mini
318,55,22.705882352941178,17,6.057291666666667,0.6875,77.03993055555556,0.010581527709490408,4570778.894886363,0.4765625,grok-3-mini
319,51,25.0,14,5.858789625360231,0.69164265129683,79.72825951548472,0.010775687937199156,4623252.352941177,0.4899135446685879,grok-3-mini
320,50,26.166666666666668,12,6.210191082802548,0.6815286624203821,68.96831514463061,0.011599181446602377,4047144.8321917807,0.5923566878980892,grok-3-mini
321,45,25.416666666666668,12,6.252459016393443,0.6852459016393443,81.91346412254771,0.011551185987792489,4245171.921708185,0.5704918032786885,grok-3-mini
322,44,24.846153846153847,13,5.900928792569659,0.6470588235294118,71.69626853511488,0.013040789599121591,4120174.5034013605,0.5263157894736842,grok-3-mini
323,54,28.0,12,6.217261904761905,0.6875,72.27891156462584,0.011072899925958469,4123865.6445182725,0.5595238095238095,grok-3-mini
324,51,27.076923076923077,13,6.059659090909091,0.6761363636363636,68.1172520661157,0.011382658381164113,3909793.0654205605,0.5340909090909091,grok-3-mini
325,54,30.545454545454547,11,6.252976190476191,0.6577380952380952,70.15306122448979,0.012380719122303289,3710100.4886731394,0.5744047619047619,grok-3-mini
326,61,24.529411764705884,17,6.115107913669065,0.6378896882494005,75.79547872493372,0.012352006021369887,4024332.109090909,0.5707434052757794,grok-3-mini
327,53,27.23076923076923,13,6.129943502824859,0.6610169491525424,79.31948035366594,0.012017186240569178,4367502.2123076925,0.5621468926553672,grok-3-mini
328,49,25.833333333333332,12,6.2052117263843645,0.6905537459283387,69.81506435081539,0.011289566081394118,4044782.840425532,0.6026058631921825,grok-3-mini
329,52,26.76923076923077,13,6.2844827586206895,0.6781609195402298,66.55436649491347,0.011339861281416017,3995325.08,0.5804597701149425,grok-3-mini
330,47,27.166666666666668,12,6.147239263803681,0.6840490797546013,70.00639843426549,0.011339093230440503,4106602.2207792206,0.5552147239263804,grok-3-mini
331,60,22.764705882352942,17,5.925064599483204,0.6537467700258398,83.59540358819248,0.011971870025193322,4545090.4273743015,0.5478036175710594,grok-3-mini
332,50,27.0,12,5.919753086419753,0.6481481481481481,93.35467154397196,0.012976510226277679,4695301.185810811,0.558641975308642,grok-3-mini
333,55,30.0,12,6.2027777777777775,0.6722222222222223,73.91975308641975,0.011463481373257561,4083303.8289085547,0.575,grok-3-mini
334,40,24.76923076923077,13,6.158385093167702,0.7080745341614907,48.03055437676016,0.010352415775944456,3247287.0164473685,0.5714285714285714,grok-3-mini
335,57,23.466666666666665,15,6.3039772727272725,0.6789772727272727,66.18026859504133,0.011260709179257304,3712294.790625,0.5965909090909091,grok-3-mini
336,55,28.076923076923077,13,6.098630136986301,0.663013698630137,90.3734284105836,0.01180620302504628,4857085.204892966,0.5205479452054794,grok-3-mini
337,54,31.0,11,5.9208211143695015,0.6686217008797654,84.6225952649186,0.01183554101452714,4437227.734824281,0.533724340175953,grok-3-mini
338,42,30.88888888888889,9,6.359712230215828,0.7050359712230215,57.4504425236789,0.011035842651995927,3784974.034351145,0.5863309352517986,grok-3-mini
339,42,29.454545454545453,11,6.074074074074074,0.6975308641975309,67.06294772138394,0.01077920112512736,3968622.5610561054,0.5462962962962963,grok-3-mini
340,48,29.0,11,5.8652037617554855,0.670846394984326,92.96292292725111,0.012011010067880894,5037547.26369863,0.5454545454545454,grok-3-mini
341,59,19.823529411764707,17,5.741741741741742,0.6666666666666666,108.03596389181975,0.012019294121182559,5421352.43812709,0.5165165165165165,grok-3-mini
342,68,33.38461538461539,13,5.728110599078341,0.631336405529954,128.16156639554885,0.012469986711496553,5823450.879795397,0.5207373271889401,grok-3-mini
343,47,26.384615384615383,13,5.871720116618076,0.6880466472303207,89.07853020425163,0.010971495066974033,4729034.772435897,0.5160349854227405,grok-3-mini
344,46,24.76923076923077,13,6.065420560747664,0.67601246105919,80.16226550596365,0.01175470619319775,4452387.694158075,0.5514018691588785,grok-3-mini
345,53,29.166666666666668,12,6.114285714285714,0.6742857142857143,80.48979591836735,0.011484685286398968,4424531.581993569,0.5485714285714286,grok-3-mini
346,53,27.25,12,5.88,0.683076923076923,74.60355029585799,0.011393655980053425,4421228.590604027,0.5476923076923077,grok-3-mini
347,46,27.333333333333332,12,6.085626911314985,0.7003058103975535,75.19007939847937,0.010626476728099585,4518948.862876254,0.5443425076452599,grok-3-mini
348,58,26.333333333333332,15,5.7735368956743,0.6564885496183206,84.2996717363013,0.011793008313139421,4636597.1232493,0.5114503816793893,grok-3-mini
349,51,29.545454545454547,11,5.925925925925926,0.6790123456790124,83.44764517604024,0.011584403760508748,4809096.300675675,0.5,grok-3-mini
350,35,26.2,10,6.072519083969466,0.7251908396946565,99.64454285880777,0.010363015522858034,5074987.225,0.5381679389312977,grok-3-mini
351,59,27.642857142857142,14,5.749354005167959,0.6563307493540051,84.66371545513424,0.011860758351383203,4753100.976811594,0.5142118863049095,grok-3-mini
352,49,24.714285714285715,14,5.939130434782609,0.6753623188405797,74.77420709934887,0.011494591998071577,4301947.073015873,0.5246376811594203,grok-3-mini
353,55,29.727272727272727,11,5.908256880733945,0.7064220183486238,98.00895921592833,0.010367086420726642,5143526.006944444,0.5107033639143731,grok-3-mini
354,54,26.53846153846154,13,5.9681159420289855,0.6782608695652174,69.90128124343626,0.011369173648933311,4092846.234726688,0.5101449275362319,grok-3-mini
355,37,30.7,10,5.758957654723127,0.6742671009771987,98.46258315738098,0.012017304526378026,5164988.939285714,0.498371335504886,grok-3-mini
356,50,28.46153846153846,13,5.989189189189189,0.6675675675675675,81.51935719503287,0.011556197924952634,4538689.51641791,0.5486486486486486,grok-3-mini
357,44,31.2,10,6.080128205128205,0.6762820512820513,76.84089414858646,0.011859318385653399,4450194.18245614,0.5416666666666666,grok-3-mini
358,45,35.666666666666664,9,5.517133956386293,0.6573208722741433,105.39493987830087,0.012596483841936379,5196121.885416667,0.4953271028037383,grok-3-mini
359,52,27.785714285714285,14,5.796915167095116,0.6786632390745502,86.04225454497393,0.010899426499457444,4928874.33045977,0.5115681233933161,grok-3-mini
360,45,29.636363636363637,11,5.806748466257669,0.6779141104294478,91.0835936617863,0.011608115601676358,4623116.622073579,0.4815950920245399,grok-3-mini
361,62,29.928571428571427,14,5.913461538461538,0.6923076923076923,71.19082840236686,0.01011089429945221,4286955.431578947,0.53125,grok-3-mini
362,56,28.642857142857142,14,6.072319201995012,0.6708229426433915,75.99455227268487,0.011112636000367082,4360134.220430108,0.5187032418952618,grok-3-mini
363,55,25.066666666666666,15,6.002673796791444,0.6737967914438503,82.50164431353484,0.01124964765824781,4640316.739002933,0.5133689839572193,grok-3-mini
364,45,26.818181818181817,11,5.965986394557823,0.7108843537414966,68.95275116849461,0.010563869644525553,4256386.486792453,0.46258503401360546,grok-3-mini
365,33,32.44444444444444,9,6.013698630136986,0.6883561643835616,84.20904484893977,0.011588602296550453,4703709.222222222,0.476027397260274,grok-3-mini
366,55,27.357142857142858,14,5.7539267015706805,0.6465968586387435,104.16381129903237,0.012335406490539222,5246658.02359882,0.45287958115183247,grok-3-mini
367,69,26.25,16,5.559523809523809,0.65,91.26984126984127,0.011807228452720944,4794135.586206896,0.49047619047619045,grok-3-mini
368,48,27.75,12,5.981927710843373,0.6837349397590361,91.99448395993613,0.011281589146607821,4761371.617161716,0.48493975903614456,grok-3-mini
369,51,28.153846153846153,13,5.89344262295082,0.6994535519125683,58.52668040252023,0.010259609810208759,3660073.3462686567,0.5109289617486339,grok-3-mini
370,58,27.142857142857142,14,5.971052631578948,0.6657894736842105,70.49861495844875,0.011528254192471743,3958046.5606936417,0.4868421052631579,grok-3-mini
371,44,29.833333333333332,12,5.9525139664804465,0.6927374301675978,60.54742361349521,0.010615880470224591,3891264.483383686,0.48044692737430167,grok-3-mini
372,58,23.5,16,5.89095744680851,0.6781914893617021,55.879357175192396,0.011044519212393153,3447327.611111111,0.5159574468085106,grok-3-mini
373,63,22.352941176470587,17,5.741424802110818,0.6754617414248021,71.1496021330957,0.011129375930535274,4082753.978978979,0.49604221635883905,grok-3-mini
374,55,25.066666666666666,15,5.656,0.688,81.2088888888889,0.010645685150025511,4336372.361764706,0.5066666666666667,grok-3-mini
375,54,27.46153846153846,13,6.073239436619718,0.6816901408450704,67.129537790121,0.011112541292126634,4032182.0244648317,0.49859154929577465,grok-3-mini
376,61,21.470588235294116,17,5.889807162534435,0.6611570247933884,69.97093398295502,0.011908936572217506,3969383.090634441,0.509641873278237,grok-3-mini
377,53,26.923076923076923,13,5.951428571428571,0.6771428571428572,78.36734693877551,0.011361465435541394,4433038.321875,0.47714285714285715,grok-3-mini
378,74,23.31578947368421,19,5.755102040816326,0.655328798185941,69.92971035730997,0.01139855590042563,4358482.665012407,0.4852607709750567,grok-3-mini
379,52,24.6,15,5.9375,0.6494565217391305,87.13374291115312,0.01236538879678658,4546873.492401216,0.4701086956521739,grok-3-mini
380,53,21.41176470588235,17,5.5989010989010985,0.6758241758241759,63.39814032121724,0.01126689548786662,3842704.8086419753,0.47527472527472525,grok-3
381,59,24.125,16,5.525906735751295,0.655440414507772,69.3978361835217,0.011909333992099785,3877882.431884058,0.5103626943005182,grok-3
382,54,24.066666666666666,15,5.6011080332409975,0.6509695290858726,59.85221107879774,0.012379073358865865,3809017.345454545,0.47645429362880887,grok-3
383,57,25.8125,16,5.576642335766423,0.6374695863746959,59.67286483030529,0.012429752914717554,3444857.7930107526,0.5182481751824818,grok-3
384,60,26.5,16,5.570754716981132,0.6202830188679245,60.40850836596653,0.013048876641094758,3585100.6852791877,0.4882075471698113,grok-3
385,52,26.307692307692307,13,5.6911764705882355,0.6852941176470588,61.937716262975776,0.0111225692400444,3868840.019672131,0.4764705882352941,grok-3
386,59,22.125,16,5.509915014164306,0.6458923512747875,60.83027710679004,0.01270134373375698,3307135.670886076,0.5127478753541076,grok-3
387,74,20.428571428571427,21,5.63785046728972,0.6845794392523364,59.939732727749146,0.01032198011538915,3430635.944591029,0.46261682242990654,grok-3
388,53,23.866666666666667,15,5.653631284916201,0.6815642458100558,57.42642239630474,0.011086100443297015,3755043.4615384615,0.4692737430167598,grok-3
389,44,27.25,12,5.4495412844036695,0.6788990825688074,58.35647953314816,0.011552528398240709,3711222.1295681065,0.4892966360856269,grok-3
390,54,21.11764705882353,17,5.5966386554621845,0.6722689075630253,58.53321720845201,0.011494136015127653,3755591.953703704,0.47058823529411764,grok-3
391,46,28.454545454545453,11,5.60702875399361,0.6964856230031949,59.40654696893915,0.010954594591411104,3641813.393103448,0.5079872204472844,grok-3
392,49,20.41176470588235,17,5.546242774566474,0.638728323699422,65.48832236292559,0.013114832469133255,3605841.7523809522,0.48554913294797686,grok-3
393,60,26.2,15,5.353689567430026,0.6463104325699746,61.767962239962706,0.012230859072620072,3364385.6878453037,0.49363867684478374,grok-3
394,43,26.142857142857142,14,5.6530054644808745,0.6502732240437158,65.84251545283526,0.012352161770310677,3968129.408284024,0.4371584699453552,grok-3
395,60,27.923076923076923,13,5.6005509641873275,0.6584022038567493,64.05148403645774,0.01202911194754677,3632971.486153846,0.4738292011019284,grok-3
396,59,21.235294117647058,17,5.625,0.6861111111111111,53.7037037037037,0.01087321178320218,3450021.8703703703,0.5194444444444445,grok-3
397,56,24.8125,16,5.816120906801007,0.6675062972292192,57.86471584744526,0.011288320298151187,3009837.341736695,0.5214105793450882,grok-3
398,42,29.23076923076923,13,5.605263157894737,0.6526315789473685,52.35457063711911,0.012093944531863252,3131748.774928775,0.5052631578947369,grok-3
399,53,25.384615384615383,13,5.449848024316109,0.6808510638297872,59.49686348056651,0.011442770511672239,3612073.3298969073,0.513677811550152,grok-3
400,57,23.72222222222222,18,5.714285714285714,0.6814988290398126,71.73845082241442,0.010452898640611089,4042700.410714286,0.5058548009367682,grok-3
401,52,22.0625,16,5.810198300283286,0.6713881019830028,62.27479556051328,0.011576427016567952,3908198.5875,0.49575070821529743,grok-3
402,42,24.285714285714285,14,5.823529411764706,0.7088235294117647,66.95501730103807,0.01012898915972675,4085817.31511254,0.5147058823529411,grok-3
403,50,23.4,15,5.76,0.6828571428571428,70.20408163265306,0.011116577848981459,4281248.806349207,0.5,grok-3
404,48,23.133333333333333,15,5.815028901734104,0.7052023121387283,84.36633365631995,0.010218311921917318,4302894.6026058635,0.49710982658959535,grok-3
405,46,25.384615384615383,13,5.781155015197569,0.6869300911854104,71.50709989745106,0.011178173503635808,4161912.9215017064,0.48936170212765956,grok-3
406,49,20.41176470588235,17,5.765895953757226,0.7052023121387283,83.19689932841057,0.010218311921917318,4701933.851265823,0.4884393063583815,grok-3
407,46,22.714285714285715,14,5.852201257861635,0.7012578616352201,62.893081761006286,0.010688746944455922,3745337.411149826,0.5220125786163522,grok-3
408,53,21.733333333333334,15,5.852760736196319,0.7085889570552147,68.50088448944258,0.010286604331645754,4067771.4,0.5061349693251533,grok-3
409,50,25.066666666666666,15,5.819148936170213,0.6569148936170213,80.63603440470801,0.011951094402431825,4582650.011764706,0.5,grok-3
410,54,22.41176470588235,17,5.897637795275591,0.6876640419947506,69.30236082694388,0.010602721322782619,4155464.369627507,0.5223097112860893,grok-3
411,45,23.142857142857142,14,5.922839506172839,0.7314814814814815,60.39475689681451,0.009357016365064046,3721119.686006826,0.5216049382716049,grok-3
412,48,20.9375,16,6.0359281437125745,0.7245508982035929,63.28660045179103,0.009541290396159504,3791751.1333333333,0.5179640718562875,grok-3
413,43,26.23076923076923,13,5.935483870967742,0.7008797653958945,63.12295215899416,0.010450161980957155,3923148.533762058,0.5395894428152492,grok-3
414,52,21.0,17,5.735955056179775,0.6853932584269663,63.43895972730716,0.01094493910305653,3690847.9116719244,0.45786516853932585,grok-3
415,48,24.923076923076923,13,5.996913580246914,0.6944444444444444,92.40207285474776,0.010911905965549334,4968868.033557047,0.5154320987654321,grok-3
416,46,22.928571428571427,14,5.871875,0.69375,85.7421875,0.01098902477958041,4698060.567857143,0.490625,grok-3
417,42,24.384615384615383,13,5.892744479495268,0.6782334384858044,99.31435281473594,0.01170705066494885,5011775.3356890455,0.4952681388012618,grok-3
418,45,26.46153846153846,13,5.9563953488372094,0.7122093023255814,69.12520281233098,0.009948773253457983,4015722.4405144695,0.5232558139534884,grok-3
419,49,20.833333333333332,18,5.965333333333334,0.68,57.88444444444445,0.010978635765786435,3683092.495702006,0.5253333333333333,grok-3
420,55,17.181818181818183,22,5.470899470899471,0.6349206349206349,100.0811847372694,0.012896563910263148,4941720.63583815,0.455026455026455,grok-3
421,58,15.181818181818182,22,5.700598802395209,0.6796407185628742,74.76065832407042,0.011436135585909809,4589399.53,0.47604790419161674,grok-3
422,46,23.1875,16,5.710810810810811,0.6297297297297297,121.11029948867787,0.013224790651905448,5586599.291291291,0.3918918918918919,grok-3
423,50,18.22222222222222,18,5.782874617737003,0.6880733944954128,77.43455938052352,0.011152123763767733,4193609.2640264025,0.46788990825688076,grok-3
424,53,16.0,22,5.7920227920227925,0.6809116809116809,62.01248366490532,0.011188818879947916,4017382.3902439023,0.5242165242165242,grok-3
425,47,14.909090909090908,22,5.620795107033639,0.6941896024464832,86.78655930570753,0.010888142418099784,4939293.447712419,0.47706422018348627,grok-3
426,62,18.08695652173913,23,5.769230769230769,0.6466346153846154,58.015902366863905,0.01198745927094496,3525381.0751295337,0.4879807692307692,grok-3
427,56,18.05,20,5.7894736842105265,0.6731301939058172,85.02083317347166,0.011413761742302384,4616530.533333333,0.4903047091412742,grok-3
428,56,19.833333333333332,18,5.698591549295775,0.704225352112676,51.418369371156516,0.010169341618193826,3563519.624242424,0.4591549295774648,grok-3
429,55,17.210526315789473,19,5.475460122699387,0.6809815950920245,82.6150777221574,0.011473301461913145,4683747.241721855,0.450920245398773,grok-3
430,61,14.958333333333334,24,5.646239554317549,0.6796657381615598,83.02232291804067,0.011156177802287047,4745108.948012233,0.49025069637883006,grok-3
431,67,17.333333333333332,21,5.531855955678671,0.6786703601108033,80.72375135242977,0.011177399831209738,4465325.534534534,0.45706371191135736,grok-3
432,55,18.68421052631579,19,5.665722379603399,0.6685552407932012,85.22658876967154,0.011699288592436307,4663549.411214953,0.48441926345609065,grok-3
433,51,17.38888888888889,18,5.729903536977492,0.6913183279742765,74.23413736417118,0.01120511121434998,4472981.773519164,0.49517684887459806,grok-3
434,49,18.5,20,5.624324324324324,0.6324324324324324,100.94959824689555,0.01310232222621031,5127538.912912913,0.45135135135135135,grok-3
435,53,15.619047619047619,21,5.428134556574924,0.6666666666666666,97.2607992219136,0.012094901474212556,4728798.434782608,0.4525993883792049,grok-3
436,58,15.04,25,5.486702127659575,0.625,80.77750113173381,0.013367555826193213,4359457.897660819,0.4441489361702128,grok-3
437,48,17.842105263157894,19,5.816023738872404,0.6617210682492581,72.02669742623428,0.012189847540628743,4402095.400651466,0.4836795252225519,grok-3
438,51,17.65,20,5.282051282051282,0.6695156695156695,68.34360110713386,0.011680190640811413,4168273.6086956523,0.4358974358974359,grok-3
439,55,18.8,20,5.545454545454546,0.6657754010695187,97.94389316251537,0.011590880726285379,4902037.066666666,0.46524064171123,grok-3
440,40,23.0,14,5.67601246105919,0.7071651090342679,57.25876107568832,0.010402160529141325,3809281.8776223776,0.5264797507788161,grok-3
441,61,17.2,20,5.545454545454546,0.6803519061583577,71.20681796682175,0.011324182402179306,4248042.298701298,0.5219941348973607,grok-3
442,58,22.176470588235293,17,5.617021276595745,0.6569148936170213,71.44069714803078,0.011951094402431825,4315388.866279069,0.5425531914893617,grok-3
443,52,20.61111111111111,18,5.764227642276423,0.7046070460704607,80.19917597549959,0.01002117618586594,4482628.202985074,0.5230352303523035,grok-3
444,59,20.666666666666668,15,5.82258064516129,0.6645161290322581,63.05931321540062,0.01241925605535689,3769444.512635379,0.49032258064516127,grok-3
445,58,23.25,16,5.595687331536388,0.6738544474393531,80.64457538088215,0.011277852212409505,4678191.394658754,0.522911051212938,grok-3
446,42,26.333333333333332,15,5.465822784810126,0.6379746835443038,70.75789136356353,0.012573243475689532,3839800.316526611,0.4936708860759494,grok-3
447,68,24.529411764705884,17,5.622596153846154,0.6538461538461539,76.96930473372781,0.011682511747868695,4516565.178378378,0.49759615384615385,grok-3
448,60,24.866666666666667,15,5.611260053619303,0.6890080428954424,70.58197787664685,0.010623167496161668,4481407.981927711,0.4906166219839142,grok-3
449,57,25.625,16,5.565853658536585,0.6487804878048781,71.38607971445568,0.011953889983178855,4051759.6920980928,0.4902439024390244,grok-3
450,48,23.428571428571427,14,5.899390243902439,0.6951219512195121,82.16835217132659,0.010836672939671308,4760494.76816609,0.5365853658536586,grok-3
451,75,25.176470588235293,17,5.651869158878505,0.6635514018691588,64.63446589221766,0.011171771552647505,4094914.039787798,0.4929906542056075,grok-3
452,61,24.823529411764707,17,5.685714285714286,0.6357142857142857,60.657596371882086,0.012416337224566538,3909910.783068783,0.5166666666666667,grok-3
453,61,20.63157894736842,19,5.582474226804123,0.6907216494845361,63.23732596450207,0.010413200994584131,4098211.870422535,0.48711340206185566,grok-3
454,63,25.928571428571427,14,5.842541436464089,0.6657458563535912,65.77943286224475,0.011720830622679507,4112416.910493827,0.5138121546961326,grok-3
455,55,23.11764705882353,17,5.581632653061225,0.6607142857142857,64.6865889212828,0.011623125154351356,3974719.358381503,0.5076530612244898,grok-3
456,61,24.75,16,5.765151515151516,0.6388888888888888,72.56912559942863,0.01252259177142443,4028345.6016949154,0.48737373737373735,grok-3
457,52,21.470588235294116,17,5.8708791208791204,0.6510989010989011,90.41782393430745,0.012338638662995923,4399263.651651652,0.5439560439560439,grok-3
458,72,23.57894736842105,19,5.729910714285714,0.671875,69.2562181122449,0.010670753136974674,4181027.228287841,0.5089285714285714,grok-3
459,52,24.9375,16,5.736180904522613,0.6633165829145728,57.95308199287897,0.011454528622204854,3636008.8077994427,0.5226130653266332,grok-3
460,46,20.0625,16,5.816199376947041,0.7102803738317757,63.858075911530364,0.010270197960922768,4377403.681506849,0.5015576323987538,grok-3
461,53,21.066666666666666,15,5.847619047619047,0.692063492063492,73.36860670194004,0.011122825852962969,4318366.165492957,0.5111111111111111,grok-3
462,48,20.5,14,6.034843205574913,0.7003484320557491,57.7887311974165,0.01112020638853792,3616418.845283019,0.5644599303135889,grok-3
463,61,20.833333333333332,18,5.810666666666667,0.696,61.15555555555556,0.010316583760574465,3958012.4464285714,0.5226666666666666,grok-3
464,52,22.5625,16,5.861495844875346,0.6897506925207756,56.62939971301632,0.010710410002385512,3523390.396923077,0.5096952908587258,grok-3
465,57,20.0,18,6.002777777777778,0.7277777777777777,57.407407407407405,0.009171549495234962,3458504.0875,0.5166666666666667,grok-3
466,57,19.894736842105264,19,5.624338624338624,0.6772486772486772,72.08644774782341,0.011064278820094909,4486407.755882353,0.48412698412698413,grok-3
467,60,20.736842105263158,19,5.6811224489795915,0.673469387755102,93.7109537692628,0.01108686032854199,4993557.723646724,0.4897959183673469,grok-3
468,45,20.333333333333332,15,6.059016393442623,0.7147540983606557,56.75893576995431,0.010262730099607438,3583656.977859779,0.5278688524590164,grok-3
469,46,22.0625,16,6.005665722379604,0.6912181303116147,56.978227896861384,0.010730641582880104,3751202.9621451106,0.48441926345609065,grok-3
470,65,18.85,20,5.875,0.6888297872340425,67.76256224535989,0.010601842750288144,4261335.671686747,0.5053191489361702,grok-3
471,50,19.352941176470587,17,5.86322188449848,0.7264437689969605,53.21458597019614,0.009513350099604167,3727899.284768212,0.5562310030395137,grok-3
472,54,22.764705882352942,17,5.69250645994832,0.6640826873385013,75.85014255286474,0.011530029235168208,4517504.304843305,0.5012919896640827,grok-3
473,45,20.2,15,5.702970297029703,0.66996699669967,71.88837695650753,0.012268508123743097,4257291.0,0.49834983498349833,grok-3
474,54,20.75,16,5.924698795180723,0.7048192771084337,48.08390187255044,0.01038035871421308,3478098.440397351,0.536144578313253,grok-3
475,52,19.72222222222222,18,6.005649717514125,0.6751412429378532,71.65884643620926,0.011403448434514341,4152028.8201892744,0.5225988700564972,grok-3
476,54,21.0,18,5.777777777777778,0.6798941798941799,58.229052938047644,0.01095359421530965,3735767.6607669615,0.5079365079365079,grok-3
477,45,25.928571428571427,14,5.7190082644628095,0.6694214876033058,79.53312235806601,0.011551392091356534,4575623.133928572,0.5068870523415978,grok-3
478,43,24.916666666666668,12,6.023411371237458,0.6789297658862876,63.981387232805005,0.011916815383411277,3957741.401459854,0.5217391304347826,grok-3
479,55,28.692307692307693,13,5.589812332439679,0.6246648793565683,83.37585981355433,0.013419043068977425,4639437.466275659,0.4879356568364611,grok-3
480,62,15.909090909090908,22,5.82,0.66,80.0,0.012108723078727948,4329627.029315961,0.4714285714285714,grok-3
481,43,19.0,16,5.9769736842105265,0.7171052631578947,64.4909972299169,0.010174045729212869,4039877.2279411764,0.5032894736842105,grok-3
482,35,17.933333333333334,15,6.011152416356877,0.7100371747211895,94.5260568538301,0.010940231612291795,4887398.12184874,0.4721189591078067,grok-3
483,48,20.0,15,5.6866666666666665,0.6933333333333334,68.44444444444444,0.011257580936446467,3906230.8698884756,0.48333333333333334,grok-3
484,45,16.736842105263158,19,5.574132492113565,0.6561514195583596,79.01362338166366,0.01270509072786088,4522788.98561151,0.45425867507886436,grok-3
485,47,20.25,16,5.79320987654321,0.6851851851851852,53.3455265965554,0.01131358840566668,3798475.9965986395,0.4567901234567901,grok-3
486,50,17.3125,16,5.675090252707581,0.703971119133574,71.68085078653442,0.011097777027324495,4427872.387096774,0.48014440433212996,grok-3
487,51,18.0,19,5.803519061583578,0.6862170087976539,70.00283795288998,0.011071799916105376,4240740.592105263,0.47214076246334313,grok-3
488,64,16.333333333333332,24,5.705882352941177,0.6419437340153452,71.82056632282625,0.012442070845439525,4260169.34,0.46547314578005117,grok-3
489,49,20.5,18,5.630434782608695,0.6684782608695652,59.369092627599244,0.011538354939337025,3819090.6696696696,0.453804347826087,grok-3
490,44,21.733333333333334,15,5.64,0.7107692307692308,64.18934911242603,0.010205697837245354,4155275.203333333,0.46153846153846156,grok-3
491,47,20.055555555555557,18,5.770083102493075,0.6731301939058172,65.5304977708888,0.011413761742302384,4100620.3039513677,0.481994459833795,grok-3
492,48,17.85,20,5.722689075630252,0.6974789915966386,73.28421564704313,0.01042854003938866,4242876.215384616,0.4565826330532213,grok-3
493,42,18.866666666666667,15,5.850533807829182,0.7117437722419929,49.1381821405504,0.010696009525425116,3325134.5960784312,0.49110320284697506,grok-3
494,44,16.25,20,5.655384615384615,0.6676923076923077,51.50295857988166,0.012074619652720853,3400598.1966101695,0.42153846153846153,grok-3
495,62,14.461538461538462,26,5.831550802139038,0.6684491978609626,71.20592524807687,0.011476681693144758,4513896.769230769,0.4919786096256685,grok-3
496,48,16.88888888888889,18,5.697368421052632,0.7039473684210527,52.371883656509695,0.010740647671292566,3516165.2116788323,0.46710526315789475,grok-3
497,53,18.41176470588235,17,5.636655948553055,0.7041800643086816,81.05788815252117,0.010645585426017918,4698133.478260869,0.45016077170418006,grok-3
498,47,18.42105263157895,19,5.782857142857143,0.68,72.48979591836735,0.011238764406644713,4168204.1506410255,0.4942857142857143,grok-3
499,65,14.884615384615385,26,5.77720207253886,0.6787564766839378,78.25713441971597,0.010923908410115177,4622956.946745562,0.49222797927461137,grok-3
500,55,20.666666666666668,18,5.864864864864865,0.7054054054054054,71.73119065010957,0.009979622834221654,4434145.008982036,0.527027027027027,grok-4-0709
501,57,24.384615384615383,13,6.053627760252366,0.722397476340694,75.43114171700385,0.009804922782677836,4094875.173611111,0.5772870662460567,grok-4-0709
502,60,23.4,15,5.769230769230769,0.6866096866096866,67.69425572844376,0.010946208428291481,3640836.664536741,0.5356125356125356,grok-4-0709
503,50,23.1875,16,5.816711590296496,0.7142857142857143,76.57602022653134,0.009613095084482373,4322874.3102409635,0.5148247978436657,grok-4-0709
504,66,28.333333333333332,12,6.014705882352941,0.7176470588235294,73.70242214532873,0.009764877116467308,4250891.639610389,0.5588235294117647,grok-4-0709
505,68,27.076923076923077,13,6.028409090909091,0.7329545454545454,62.306301652892564,0.009035834142675565,3948007.8711656444,0.5823863636363636,grok-4-0709
506,66,27.5,14,5.997402597402598,0.6909090909090909,68.00472255017709,0.010432716841520584,3888405.017142857,0.5142857142857142,grok-4-0709
507,59,22.2,15,5.933933933933934,0.7117117117117117,75.02998493989485,0.0100811381656643,4404483.758278145,0.5315315315315315,grok-4-0709
508,58,24.0,14,5.967261904761905,0.7291666666666666,73.69614512471655,0.009334051890801706,4515521.529801325,0.5416666666666666,grok-4-0709
509,60,25.23076923076923,13,5.844512195121951,0.7560975609756098,58.558893515764424,0.008331142366461148,3493242.6655405406,0.5487804878048781,grok-4-0709
510,60,25.866666666666667,15,5.88659793814433,0.6907216494845361,63.50302901477309,0.010413200994584131,3784799.8870056495,0.5489690721649485,grok-4-0709
511,58,27.583333333333332,12,6.063444108761329,0.7129909365558912,72.2884968191236,0.010048739477739032,4071998.532423208,0.5589123867069486,grok-4-0709
512,57,24.23076923076923,13,5.809523809523809,0.7365079365079366,58.856135046611236,0.009241944192682405,4036477.8896797155,0.5079365079365079,grok-4-0709
513,61,24.923076923076923,13,5.62962962962963,0.6882716049382716,89.3537570492303,0.011179094280513741,4513353.167808219,0.5092592592592593,grok-4-0709
514,42,25.916666666666668,12,5.922829581993569,0.729903536977492,54.79678663371967,0.009556556888582923,3513180.9420289854,0.5176848874598071,grok-4-0709
515,87,22.22222222222222,18,6.045,0.71,56.25,0.009540745245692575,3440604.362162162,0.575,grok-4-0709
516,69,26.25,16,5.940476190476191,0.65,73.12925170068027,0.011807228452720944,3814136.783289817,0.5357142857142857,grok-4-0709
517,61,24.785714285714285,14,5.971181556195965,0.6887608069164265,74.0808411331379,0.010897722722464753,4398707.3899371065,0.553314121037464,grok-4-0709
518,58,26.0,15,5.861538461538461,0.6974358974358974,83.36620644312951,0.010123489681007047,4607692.002857143,0.5230769230769231,grok-4-0709
519,53,29.666666666666668,12,6.050561797752809,0.702247191011236,87.74144678702184,0.0102411052473801,4468063.818181818,0.5617977528089888,grok-4-0709
520,71,25.4375,16,5.482758620689655,0.6551724137931034,91.84886796573564,0.011721188298948434,5004539.869209809,0.5246305418719212,grok-4-0709
521,67,24.785714285714285,14,5.566473988439307,0.6676300578034682,84.36633365631995,0.01182010124597279,4771993.262135922,0.5057803468208093,grok-4-0709
522,43,22.46153846153846,13,5.855670103092783,0.7079037800687286,89.74858586932133,0.010732638169900407,5096500.191729323,0.5223367697594502,grok-4-0709
523,70,26.5625,16,5.696470588235294,0.6494117647058824,95.11418685121107,0.011785815689964653,4860812.590078329,0.5411764705882353,grok-4-0709
524,60,20.444444444444443,18,5.7554945054945055,0.6648351648351648,91.77635551261925,0.011738301343135386,4944944.943113772,0.5384615384615384,grok-4-0709
525,76,26.133333333333333,15,5.7698209718670075,0.670076726342711,80.84719487706124,0.011238112983112034,4481887.705882353,0.5140664961636828,grok-4-0709
526,68,25.142857142857142,14,6.1022727272727275,0.7244318181818182,65.69602272727273,0.009376011611739326,4151233.5279503106,0.5625,grok-4-0709
527,63,22.333333333333332,15,5.936936936936937,0.7117117117117117,65.83159736312889,0.0100811381656643,4305711.023728814,0.4894894894894895,grok-4-0709
528,62,24.5,14,5.770588235294118,0.6882352941176471,79.06574394463668,0.01099652187485706,4872133.748366013,0.5029411764705882,grok-4-0709
529,63,26.733333333333334,15,5.59,0.645,92.5,0.012215423397110832,4939071.667582418,0.505,grok-4-0709
530,54,24.46153846153846,13,5.867507886435331,0.7034700315457413,84.58637263780115,0.0106054737372665,4735201.943661972,0.5110410094637224,grok-4-0709
531,72,21.88235294117647,17,5.727762803234501,0.7035040431266847,82.67885295805756,0.010047631940362092,4584873.0,0.5148247978436657,grok-4-0709
532,77,25.055555555555557,18,5.988913525498892,0.6784922394678492,59.88171149601035,0.010385057413901616,3789072.949760766,0.5565410199556541,grok-4-0709
533,74,23.6875,16,5.89920424403183,0.6578249336870027,88.93329299439242,0.01190105704435966,4806496.542168675,0.5172413793103449,grok-4-0709
534,46,24.75,12,5.865319865319865,0.7104377104377104,70.5143466086227,0.010545617530116623,4300735.888475836,0.5454545454545454,grok-4-0709
535,57,23.8,15,5.926966292134831,0.699438202247191,78.9041787653074,0.010357229927501316,4396633.854984894,0.5589887640449438,grok-4-0709
536,70,24.266666666666666,15,5.795580110497237,0.6850828729281768,79.6678978053173,0.010895979026893085,4645371.451410659,0.505524861878453,grok-4-0709
537,64,21.705882352941178,17,5.801630434782608,0.6521739130434783,105.74196597353497,0.012245769306773277,5308640.390769231,0.5217391304347826,grok-4-0709
538,59,23.8,15,5.752112676056338,0.6647887323943662,90.29954374132117,0.011840633935646803,4709869.307453416,0.5408450704225352,grok-4-0709
539,67,22.176470588235293,17,5.742627345844504,0.6836461126005362,94.44472396121586,0.010845968564644629,4939962.546268657,0.5254691689008043,grok-4-0709
540,51,24.785714285714285,14,5.732558139534884,0.6686046511627907,88.73039480800432,0.011800815751430662,4814328.808777429,0.502906976744186,grok-4-0709
541,60,18.9,20,5.864721485411141,0.6684350132625995,90.34046535189863,0.01144639252710749,4882398.297450425,0.5464190981432361,grok-4-0709
542,55,21.625,16,5.95072463768116,0.6695652173913044,76.62255828607435,0.011747051662977008,4421220.55076923,0.4753623188405797,grok-4-0709
543,59,23.0,16,6.098092643051771,0.6730245231607629,74.24511281544892,0.01135463313817383,4281159.53030303,0.5231607629427792,grok-4-0709
544,51,21.8125,16,5.85632183908046,0.6666666666666666,95.2899986788215,0.011838993980104531,5171130.657320872,0.4482758620689655,grok-4-0709
545,60,22.88235294117647,17,5.940874035989717,0.6683804627249358,81.15198815762518,0.011328718832582334,4598232.027322404,0.5012853470437018,grok-4-0709
546,48,20.11764705882353,17,5.756598240469208,0.6656891495601173,123.1499557107352,0.011964782449414459,5758272.673015873,0.5249266862170088,grok-4-0709
547,60,23.333333333333332,15,5.825214899713467,0.6590257879656161,86.20618878334332,0.012163649391505577,4622372.50931677,0.4699140401146132,grok-4-0709
548,61,26.733333333333334,15,5.783042394014963,0.655860349127182,107.71077294295434,0.011740492133381105,5161513.54200542,0.4837905236907731,grok-4-0709
549,50,21.941176470588236,17,5.665768194070081,0.6549865229110512,113.04771107446183,0.01208923222898352,5499674.798245614,0.4743935309973046,grok-4-0709
550,65,19.5,24,5.9314775160599575,0.6723768736616702,76.84935966509086,0.010507251873285776,4489837.392018779,0.49678800856531047,grok-4-0709
551,49,20.875,16,6.026946107784431,0.6766467065868264,100.21872422819033,0.011566875945103763,5172650.797385621,0.47005988023952094,grok-4-0709
552,53,26.076923076923077,13,5.961538461538462,0.6686390532544378,108.53961696019047,0.011870724211215183,5262649.24437299,0.4822485207100592,grok-4-0709
553,61,17.789473684210527,19,5.6875,0.6547619047619048,103.98951247165533,0.0125147415328096,5098239.186708861,0.4880952380952381,grok-4-0709
554,48,23.333333333333332,15,6.074498567335244,0.6962750716332379,74.87623254324677,0.010559823845076841,4451292.075,0.5272206303724928,grok-4-0709
555,60,21.210526315789473,19,5.835411471321696,0.6483790523690773,77.98458964807433,0.012059812366150155,4317056.019125683,0.47880299251870323,grok-4-0709
556,56,20.63157894736842,19,5.844961240310077,0.6718346253229974,117.38076638022555,0.011203138454552066,5672302.985795454,0.4883720930232558,grok-4-0709
557,68,21.72222222222222,18,5.589743589743589,0.658974358974359,91.12426035502959,0.011717144119823646,4878949.361344538,0.49230769230769234,grok-4-0709
558,60,22.266666666666666,15,6.1591591591591595,0.6816816816816816,101.18226334442551,0.01135906133447242,5198123.662162162,0.4594594594594595,grok-4-0709
559,50,24.214285714285715,14,6.135693215339233,0.7109144542772862,76.748374970632,0.010052453798684418,4502291.926517572,0.5634218289085545,grok-4-0709
560,54,23.5625,16,6.2148541114058355,0.6763925729442971,70.07718340380922,0.011110105453193752,3953228.5402985075,0.5437665782493368,grok-4-0709
561,59,27.928571428571427,14,6.148337595907928,0.6854219948849105,75.35272532230951,0.010602543072313994,4510283.207492796,0.5319693094629157,grok-4-0709
562,59,31.0,12,6.293010752688172,0.6720430107526881,71.68458781362007,0.011344431892961658,3749117.017804154,0.5456989247311828,grok-4-0709
563,43,29.25,12,5.8746438746438745,0.6780626780626781,87.8239624678371,0.011310886504139637,4461078.5,0.5384615384615384,grok-4-0709
564,52,26.833333333333332,12,6.192546583850931,0.6894409937888198,84.87326877821071,0.01115217258352572,4729480.735915493,0.5372670807453416,grok-4-0709
565,62,28.23076923076923,13,6.1498637602179835,0.6893732970027248,75.13605416923431,0.010666394483012319,4252872.588588589,0.5613079019073569,grok-4-0709
566,59,26.357142857142858,14,5.964769647696477,0.6883468834688347,66.09822195782934,0.010689436727074678,3947060.613772455,0.5420054200542005,grok-4-0709
567,64,26.066666666666666,15,6.125319693094629,0.6751918158567775,85.94920232075928,0.011024653360018021,4458657.534435262,0.578005115089514,grok-4-0709
568,62,25.846153846153847,13,6.226190476190476,0.7202380952380952,58.28373015873016,0.009698145500848764,3802722.575657895,0.5744047619047619,grok-4-0709
569,56,27.428571428571427,14,5.919270833333333,0.6796875,69.71571180555556,0.010904279713085033,4120974.7217391306,0.5286458333333334,grok-4-0709
570,56,24.933333333333334,15,6.0828877005347595,0.6711229946524064,89.93680116674768,0.01136293854558124,4268156.366863905,0.5614973262032086,grok-4-0709
571,59,24.0,16,5.9140625,0.6822916666666666,70.39388020833333,0.010796285344656526,4008700.4215116277,0.5416666666666666,grok-4-0709
572,63,22.41176470588235,17,6.207349081364829,0.6955380577427821,63.51568258692073,0.010280344961960152,3639520.6109510087,0.5485564304461942,grok-4-0709
573,58,24.666666666666668,12,5.986486486486487,0.7027027027027027,84.23119065010957,0.010896210515869195,4747389.925093633,0.5574324324324325,grok-4-0709
574,51,29.363636363636363,11,5.972136222910216,0.6873065015479877,69.58755475467032,0.011233095150320152,3987720.343537415,0.5325077399380805,grok-4-0709
575,63,27.142857142857142,14,5.968421052631579,0.6710526315789473,101.66204986149584,0.011305102291141855,4983085.465714286,0.5631578947368421,grok-4-0709
576,73,29.0,15,5.995402298850575,0.6735632183908046,67.85572730875941,0.010706454852884179,4083694.165841584,0.5563218390804597,grok-4-0709
577,67,26.9375,16,5.972157772621809,0.6334106728538283,78.27261911811414,0.01240938156327161,3671672.3421052634,0.5243619489559165,grok-4-0709
578,65,32.0,13,6.021634615384615,0.6947115384615384,76.04474852071006,0.010015588069455343,4245810.81530343,0.5504807692307693,grok-4-0709
579,52,25.733333333333334,15,5.867875647668394,0.6813471502590673,78.25713441971597,0.010816513040567311,4656063.622857143,0.5414507772020726,grok-4-0709
580,67,22.444444444444443,18,5.945409429280397,0.6823821339950372,91.12795473157276,0.010619471390842865,4957457.829131653,0.533498759305211,grok-4-0709
581,52,27.0,13,5.92,0.6771428571428572,107.59183673469387,0.011361465435541394,5410893.704049844,0.5428571428571428,grok-4-0709
582,59,27.266666666666666,15,5.970588235294118,0.6838235294117647,86.86562860438293,0.010517556103338887,4732186.918032787,0.5367647058823529,grok-4-0709
583,58,26.1875,16,5.747016706443914,0.639618138424821,92.95914240634309,0.012258211161247541,5017024.099730458,0.4916467780429594,grok-4-0709
584,46,27.083333333333332,12,5.953703703703703,0.7037037037037037,76.96997408931566,0.010515543979259518,4607467.892361111,0.5339506172839507,grok-4-0709
585,51,26.5,12,5.873817034700315,0.668769716088328,77.6204360676293,0.012130743557827782,4392270.93728223,0.5488958990536278,grok-4-0709
586,58,23.11111111111111,18,5.872289156626506,0.6457831325301204,91.0436928436638,0.012033292019411786,4892297.746031746,0.5132530120481927,grok-4-0709
587,44,26.76923076923077,13,5.7982708933717575,0.6657060518731989,101.3213298009285,0.01189279035529688,5139059.887459807,0.5043227665706052,grok-4-0709
588,58,23.25,16,5.913746630727763,0.7035040431266847,68.00299329414928,0.010047631940362092,4235442.5946745565,0.5417789757412399,grok-4-0709
589,51,23.384615384615383,13,5.858085808580858,0.6963696369636964,96.94038710801773,0.011084556789298556,4932953.90391459,0.5511551155115512,grok-4-0709
590,53,24.307692307692307,13,5.917460317460318,0.692063492063492,87.88107835726883,0.011122825852962969,4961164.6654676255,0.5365079365079365,grok-4-0709
591,43,25.0,13,5.941538461538461,0.6984615384615385,85.96449704142012,0.010727859804410095,4958775.729452055,0.52,grok-4-0709
592,48,24.142857142857142,14,5.8664688427299705,0.6706231454005934,92.45480720971392,0.011795342073355768,5095125.632107023,0.5311572700296736,grok-4-0709
593,37,23.416666666666668,12,5.882142857142857,0.7035714285714286,68.62244897959184,0.011073273047988377,4338583.750988143,0.5,grok-4-0709
594,60,27.857142857142858,14,5.920512820512821,0.6897435897435897,101.38067061143984,0.0104350704001628,5110276.045454546,0.5282051282051282,grok-4-0709
595,42,25.25,12,5.903654485049834,0.6578073089700996,123.39819648789748,0.012859348829410328,5760660.344322344,0.53156146179402,grok-4-0709
596,63,28.8125,16,6.03695652173913,0.6391304347826087,87.99621928166351,0.011908051108851587,4700551.150851581,0.5369565217391304,grok-4-0709
597,46,26.0,13,5.661721068249258,0.7091988130563798,85.23452702762198,0.010144235012183088,5002176.62,0.516320474777448,grok-4-0709
598,47,23.714285714285715,14,5.818181818181818,0.6757575757575758,86.13406795224977,0.011654088439766973,4492850.057432433,0.5484848484848485,grok-4-0709
599,54,25.375,16,5.970443349753695,0.6798029556650246,86.75289378533816,0.010698229205130236,4847517.815217392,0.49261083743842365,grok-4-0709
600,51,23.23076923076923,13,6.1395348837209305,0.7043189368770764,78.58632906921557,0.010761807509323042,4556049.835164835,0.5049833887043189,grok-4-0709
601,53,23.076923076923077,13,6.0602006688963215,0.6822742474916388,110.06588293195826,0.011765591927717733,5361064.893772894,0.49498327759197325,grok-4-0709
602,48,27.285714285714285,14,6.00261780104712,0.675392670157068,103.4785230668019,0.0111027705286106,5321127.588571428,0.4712041884816754,grok-4-0709
603,64,22.066666666666666,15,5.7477203647416415,0.7112462006079028,82.96301771047939,0.010142696319964953,4911154.314569537,0.5045592705167173,grok-4-0709
604,54,18.88888888888889,18,6.268436578171092,0.6755162241887905,73.7898208334421,0.011557212290827536,4068123.059602649,0.528023598820059,grok-4-0709
605,46,21.6875,16,5.988439306358382,0.6358381502890174,81.1921547662802,0.013247513653176678,4472138.607142857,0.47398843930635837,grok-4-0709
606,59,21.85,20,5.951834862385321,0.658256880733945,82.5898493392812,0.01132067315154814,4753767.86835443,0.47706422018348627,grok-4-0709
607,50,22.9375,16,5.94550408719346,0.6457765667574932,91.02450831174038,0.012539728818926175,4960640.295180723,0.45776566757493187,grok-4-0709
608,54,25.0625,16,5.93,0.6425,105.625,0.012323605974677588,5311090.263305322,0.45,grok-4-0709
609,46,23.533333333333335,15,6.0,0.6534090909090909,86.35717975206612,0.012377108824168741,4667882.238993711,0.4602272727272727,grok-4-0709
610,34,26.181818181818183,11,5.96875,0.6805555555555556,71.61458333333333,0.012000510276232605,4190875.7403100776,0.4895833333333333,grok-4-0709
611,55,20.705882352941178,17,6.116809116809117,0.6837606837606838,86.36293536578437,0.011067260934167975,4816239.784848485,0.5299145299145299,grok-4-0709
612,53,21.4375,16,6.0087463556851315,0.6822157434402333,70.37883874916064,0.011221228495192699,4095994.986754967,0.5102040816326531,grok-4-0709
613,53,21.235294117647058,17,5.95,0.6833333333333333,71.14197530864197,0.010990303939785898,4299890.818461538,0.5138888888888888,grok-4-0709
614,49,22.8,15,5.750733137829912,0.6627565982404692,96.1464039696941,0.012094594488512968,5015696.303797469,0.4780058651026393,grok-4-0709
615,45,22.846153846153847,13,6.097643097643098,0.67003367003367,73.00842317677335,0.012351782344042678,4448545.014814815,0.4882154882154882,grok-4-0709
616,58,25.823529411764707,17,5.612756264236902,0.6309794988610479,97.75789872406224,0.012438352590345408,5101026.868292683,0.489749430523918,grok-4-0709
617,55,24.933333333333334,15,5.997311827956989,0.6478494623655914,77.75465371719274,0.012390978455972482,4495869.4852071,0.48655913978494625,grok-4-0709
618,50,26.133333333333333,15,5.882352941176471,0.649616368286445,94.58336876394058,0.01210856428656778,5084453.134670487,0.4398976982097187,grok-4-0709
